link_key,total_expenditure,num_transactions,num_vendors,first_expenditure_date,last_expenditure_date
purchase of immovable sports equipment|gurdaspur(deputy commissioner gurdaspur_ida),28920.0,1,1,2026-05-09,2026-05-09
lighting of public spaces|south(commissioner south),1401046.0,2,1,2026-05-02,2026-05-02
installing community drinking water plants|faridkot(deputy commissioner faridkot_ida),650000.0,6,1,2026-05-05,2026-06-22
crematoriums/energy efficient crematoriums or structures on burial/cremation ground|west garo hills(deputy commissioner west garo hills_ida),670000.0,2,1,2026-07-13,2026-08-28
"construction of roads, link roads, pathways or any other road with or without drainage system|nalanda(district planning officer nalanda_ida)",1091510.0,3,3,2026-08-18,2026-08-29
"construction of roads, link roads, pathways or any other road with or without drainage system|sirsa(deputy commissioner sirsa_ida)",295282.0,1,1,2026-04-10,2026-04-10
development of playfields and sports grounds|ludhiana(deputy commissioner ludhiana_ida),26724.0,1,1,2026-04-10,2026-04-10
construction of rooms and halls in school and colleges|south garo hills(deputy commissioner baghmara_ida),150000.0,1,1,2026-08-05,2026-08-05
lighting of public spaces|kota(district collector kota_ida),545483.0,1,1,2026-05-08,2026-05-08
"purchase of it systems, including hardware and software for educational purposes|chandigarh(deputy commissioner zilla parishad chandigarh_ida)",1041884.0,7,3,2026-04-07,2026-08-06
construction of community centers and community halls|hanumakonda(district collector hanumakonda_ida),1982552.0,1,1,2026-06-29,2026-06-29
construction of public toilets and bathrooms|malerkotla(deputy commissioner malerkotla_ida),139935.0,1,1,2026-08-26,2026-08-26
"construction of roads, link roads, pathways or any other road with or without drainage system|parvathipuram manyam(district collector parvathipuram manyam_ida)",3310652.0,12,7,2026-05-18,2026-08-21
construction of buildings for crèches and anganwadies|dindigul(district collector dindigul_ida),1600000.0,1,1,2026-06-22,2026-06-22
"purchase of it systems, including hardware and software for educational purposes|palakkad(district collector palakkad_ida)",367759.0,3,3,2026-07-17,2026-07-17
construction of platforms and passenger sheds at railway stations|giridih(deputy commissioner giridh_ida),200000.0,1,1,2026-06-15,2026-06-15
installing tube-wells and borewells|bokaro(deputy commissioner bokaro_ida),120000.0,3,1,2026-08-26,2026-08-26
construction of bus-sheds or bus-stops|kanpur nagar(district magistrae kanpur nagar_ida),2186154.0,3,1,2026-08-04,2026-08-05
installing hand pumps|sitamarhi(district planning officer sitamarhi_ida),242948.0,4,2,2026-06-22,2026-07-02
improvement of electricity distribution infrastructure|sikar(district collector sikar_ida),162000.0,1,1,2026-04-16,2026-04-16
construction of buildings for community cultural activities|beawar(district collector beawar_ida),999693.0,2,1,2026-06-30,2026-08-05
"purchase of it systems, including hardware and software for educational purposes|bengaluru urban(deputy commissioner bangalore urban_ida)",1125000.0,2,2,2026-06-30,2026-06-30
construction of boundary walls of existing public and community buildings|dewas(district collector dewas_ida),600000.0,1,1,2026-06-30,2026-06-30
"construction of roads, link roads, pathways or any other road with or without drainage system|sri muktsar sahib(deputy commissioner sri muktsar sahib_ida)",450391.0,8,2,2026-08-12,2026-08-12
"construction of flood control embankments/ protection walls along riverbanks, hilltops, roadsides|arvalli(district collector arvalli_ida)",500000.0,1,1,2026-07-13,2026-07-13
"construction of roads, link roads, pathways or any other road with or without drainage system|jind(deputy commissioner jind)",3616651.0,13,11,2026-04-13,2026-08-13
"construction of government office buildings (post office, police station, police chauki, etc.)|bilaspur(district collector bilaspur_ida)",472708.0,1,1,2026-08-11,2026-08-11
construction of common work sheds/ common covered sitting area|bharuch(district collector broach_ida),348538.0,1,1,2026-08-25,2026-08-25
installing tube-wells and borewells|sikar(district collector sikar_ida),1819161.0,7,6,2026-04-16,2026-07-28
lighting of public spaces|chitrakoot(district magistrate chitrakoot_ida),1043484.0,12,1,2026-08-27,2026-08-27
development of playfields and sports grounds|north 24 parganas(district magistrate north twenty four parganas_ida),5000000.0,1,1,2026-04-07,2026-04-07
crematoriums/energy efficient crematoriums or structures on burial/cremation ground|dakshina kannada(deputy commissioner dakshin kannad mangalore_ida),499162.0,1,1,2026-08-19,2026-08-19
construction of community centers and community halls|palwal(ceo drda mplads palwal),1008052.0,3,3,2026-07-06,2026-07-27
"purchase of it systems, including hardware and software for educational purposes|navsari(district collector navsari_ida)",1991730.0,4,2,2026-08-27,2026-08-27
construction of buildings for community cultural activities|sarangarh-bilaigarh(collector sb_ida),145000.0,1,1,2026-05-18,2026-05-18
construction of buildings for community cultural activities|nabarangpur(district collector nabarangpur_ida),325920.0,2,2,2026-08-05,2026-08-05
construction of bus-sheds or bus-stops|mayiladuthurai(district collector mayiladuthurai_ida),595689.0,1,1,2026-08-13,2026-08-13
construction of community centers and community halls|dharashiv(district collector osmanabad_ida),685572.0,1,1,2026-04-29,2026-04-29
construction of rooms and halls in school and colleges|deoria(district magistrate deoria),150000.0,1,1,2026-03-11,2026-03-11
"purchase of prosthetics, wheel chairs, tricycles (manual or motorized), elect scooties, hearing aids|nizamabad(district collector nizamabad_ida)",216000.0,2,1,2026-06-17,2026-06-17
providing supply pipelines for drinking water|vikarabad(district collector vikarabad_2),480643.0,1,1,2026-06-24,2026-06-24
construction of toilet blocks|srikakulam(district collector srikakulam_ida),327925.0,1,1,2026-04-15,2026-04-15
construction of community centers and community halls|salumbar(district collector salumbar_ida),1000000.0,1,1,2026-08-24,2026-08-24
construction of rooms and halls in school and colleges|dhar(district collector dhar_ida),350000.0,1,1,2026-08-07,2026-08-07
construction of community centers and community halls|aurangabad(district planning officer aurangabad_ida),1485277.0,1,1,2026-07-07,2026-07-07
construction of rooms and halls in school and colleges|tumakuru(deputy commissioner tumkur_ida),5874964.0,4,2,2026-05-27,2026-08-14
"construction of flood control embankments/ protection walls along riverbanks, hilltops, roadsides|namchi(implementing district agency, namchi)",314974.0,1,1,2026-07-29,2026-07-29
construction of community centers and community halls|jamnagar(district collector jamnagar_ida),1388875.0,3,3,2026-07-03,2026-08-10
construction of buildings for community cultural activities|thiruvarur(district collector thiruvarur_ida),576388.0,1,1,2026-08-25,2026-08-25
purchase of furniture and fixtures for educational purposes|amravati(district collector amravati_ida),497585.0,1,1,2026-07-24,2026-07-24
construction of footpaths and pedestrian ways|mandi(deputy commissioner mandi_ida),230000.0,2,2,2026-08-24,2026-08-27
installing tube-wells and borewells|chhotaudepur(district collector chhota udepur_ida),150000.0,1,1,2026-07-12,2026-07-12
construction of rooms and halls in school and colleges|narsimhapur(district collector narsinghpur_ida),148020.0,1,1,2026-07-21,2026-07-21
construction of community centers and community halls|chittorgarh(district collector chittorgarh_ida),202226.0,1,1,2026-08-27,2026-08-27
purchase of vans and buses for educational institutions|wayanad(district collector wayanad_ida),128000.0,2,2,2026-07-10,2026-07-18
"construction of roads, link roads, pathways or any other road with or without drainage system|kataka(district collector cuttack_ida)",950000.0,3,3,2026-05-02,2026-06-22
installing tube-wells and borewells|jhunjhunu(district collector jhunjhunu_ida),1349450.0,3,2,2026-05-22,2026-08-21
crematoriums/energy efficient crematoriums or structures on burial/cremation ground|virudhunagar(district collector virudhunagar_ida),999593.0,1,1,2026-08-04,2026-08-04
installing community drinking water plants|vizianagaram(district collector vizianagaram_ida),2072832.0,2,1,2026-06-18,2026-06-18
setting up of laboratories|amritsar(deputy commissioner amritsar_ida),108000.0,2,2,2026-05-11,2026-05-11
"construction of roads, link roads, pathways or any other road with or without drainage system|chhatarpur(district collector chhatarpur_ida)",2220000.0,6,6,2026-07-31,2026-08-25
development of public parks|pulwama(deputy commissioner pulwama_ida),223600.0,1,1,2026-07-29,2026-07-29
construction of bus-sheds or bus-stops|dindori(district collector dindori_ida),2400640.0,10,1,2026-05-29,2026-05-29
construction of rooms and halls in school and colleges|azamgarh(district magistrate azamgarh_ida),556000.0,1,1,2026-04-06,2026-04-06
lighting of public spaces|mahasamund(district collector mahasamund_ida),1250000.0,5,5,2026-05-20,2026-07-29
construction of buildings for community cultural activities|haveri(deputy commissioner haveri_ida),3108573.0,9,7,2026-05-07,2026-07-27
construction of buildings for crèches and anganwadies|purba bardhaman(district magistrate purba bardhaman_ida),799065.0,1,1,2026-07-21,2026-07-21
construction of rooms and halls in school and colleges|perambalur(district collector perambalur_ida),2051227.0,1,1,2026-05-06,2026-05-06
construction of public toilets and bathrooms|west singhbhum(deputy commissioner west singhbhum_ida),6734700.0,17,1,2026-05-19,2026-08-19
"construction of roads, link roads, pathways or any other road with or without drainage system|tirupathur(district collector tirupathur_ida)",645268.0,2,2,2026-07-16,2026-08-14
installing community drinking water plants|madurai(district collector madurai_ida),261754.0,1,1,2026-05-04,2026-05-04
construction of additional rooms and halls in the existing public and community building|dhenkanal(district collector dhenkanal_ida),317719.0,1,1,2026-05-30,2026-05-30
development of playfields and sports grounds|uttar bastar kanker(district collector kanker_ida),1932900.0,2,2,2026-08-03,2026-08-13
construction of footpaths and pedestrian ways|ramban(deputy commissioner ramban_ida),328300.0,2,2,2026-04-17,2026-08-03
purchase of hospital equipment|the nilgiris(district collector nilgiris_ida),870000.0,3,1,2026-07-03,2026-07-03
installing tube-wells and borewells|dhule(district collector dhule_ida),878646.0,1,1,2026-04-24,2026-04-24
"construction of roads, link roads, pathways or any other road with or without drainage system|chamarajanagar(deputy commissioner chamarajnagar_ida)",492252.0,1,1,2026-08-07,2026-08-07
construction of boundary walls of existing public and community buildings|siddipet(district collector siddipet_ida),987115.0,2,1,2026-08-13,2026-08-17
construction of community centers and community halls|bengaluru urban(deputy commissioner bangalore urban_ida),2250000.0,1,1,2026-05-18,2026-05-18
"construction of flood control embankments/ protection walls along riverbanks, hilltops, roadsides|chhatarpur(district collector chhatarpur_ida)",180000.0,1,1,2026-07-14,2026-07-14
construction of additional rooms and halls in the existing public and community building|mandi(deputy commissioner mandi_ida),120000.0,1,1,2026-08-26,2026-08-26
construction of rooms and halls in school and colleges|sonbhadra(district magistrate sonbhadra_ida),182650.0,2,1,2026-03-13,2026-03-23
"construction of additional rooms and halls in the existing public and community building|east godavari(district collector, east godavari)",1160765.0,1,1,2026-06-23,2026-06-23
construction of rooms and halls in school and colleges|mahrajganj(district magistrae maharajganj_ida),3372732.0,4,4,2026-04-13,2026-04-15
street lights|nandurbar(district collector nandurbar_ida),17631016.0,104,2,2026-07-15,2026-08-03
construction of water tanks|namakkal(district collector namakkal_ida),1347826.0,1,1,2026-06-17,2026-06-17
construction of boundary walls of existing public and community buildings|marigaon(district development commissioner morigaon),99926.0,1,1,2026-08-26,2026-08-26
"construction of roads, link roads, pathways or any other road with or without drainage system|karimnagar(district collector karimnagar_ida)",216832.0,1,1,2026-06-29,2026-06-29
"construction of roads, link roads, pathways or any other road with or without drainage system|chhatrapati sambhajinagar(district collector aurangabad_ida)",3979832.0,3,3,2026-05-20,2026-08-10
construction of boundary walls of existing public and community buildings|chhatarpur(district collector chhatarpur_ida),480000.0,3,3,2026-04-09,2026-05-20
construction of community centers and community halls|gir somnath(district collector gir somnath_ida),492857.0,1,1,2026-08-21,2026-08-21
construction of buildings for community cultural activities|ariyalur(district collector ariyalur_ida),1797528.0,2,2,2026-08-03,2026-08-13
lighting of public spaces|etawah(district magistrate etawah_ida),46092.0,3,1,2026-05-30,2026-05-30
construction of common work sheds/ common covered sitting area|udham singh nagar(district magistrate udhamsingh nagar_ida),296919.0,2,1,2026-04-07,2026-08-18
development of playfields and sports grounds|kinnaur(deputy commissioner kinnaur_ida),242644.0,14,14,2026-04-16,2026-08-13
"construction of roads, link roads, pathways or any other road with or without drainage system|udupi(deputy commissioner udupi_ida)",4892203.0,13,12,2026-06-29,2026-08-29
construction of community centers and community halls|bagalkote(deputy commissioner bagalkot_ida),4597121.0,14,12,2026-06-18,2026-08-24
construction of common work sheds/ common covered sitting area|sagar(district collector sagar_ida),375000.0,3,2,2026-06-30,2026-08-20
street lights|dhule(district collector dhule_ida),14410050.0,85,3,2026-07-30,2026-08-05
renovation of ponds and lakes|chatra(deputy commissioner chatra_ida),550000.0,5,1,2026-07-15,2026-08-20
construction of culverts and bridges|mokokchung(deputy commissioner mokokchung_ida),250000.0,1,1,2026-08-06,2026-08-06
lighting of public spaces|rajanna sircilla(district collector rajanna sircilla_ida),194544.0,2,1,2026-06-20,2026-06-20
"construction of roads, link roads, pathways or any other road with or without drainage system|jogulamba gadwal(district collector jogulamba gadwal_ida)",974430.0,2,2,2026-05-15,2026-05-15
"construction of roads, link roads, pathways or any other road with or without drainage system|koraput(district collector koraput_ida)",1350000.0,5,4,2026-05-05,2026-08-23
"construction of roads, link roads, pathways or any other road with or without drainage system|bilaspur(district collector bilaspur_ida)",1000000.0,4,3,2026-04-06,2026-08-03
construction of community centers and community halls|devbhumi dwarka(district collector devbhumi dwarka_ida),1716721.0,3,3,2026-07-06,2026-08-06
construction of community centers and community halls|pali(district collector pali_ida),133665.0,11,11,2026-05-02,2026-05-02
construction of community centers and community halls|kataka(district collector cuttack_ida),5785086.0,13,11,2026-06-12,2026-08-28
construction of buildings for community cultural activities|kabeerdham(district collector kabirdham),400000.0,2,2,2026-08-04,2026-08-04
construction of bus-sheds or bus-stops|bengaluru south(deputy commissioner ramanagara_ida),1375000.0,5,4,2026-07-06,2026-08-25
improvement of electricity distribution infrastructure|krishna(district collector krishna_ida),380097.0,1,1,2026-07-06,2026-07-06
construction of rooms and halls in school and colleges|west karbi anglong(district commissioner west karbi anglong),699856.0,1,1,2026-08-20,2026-08-20
construction of common work sheds/ common covered sitting area|pune(district collector pune_ida),996501.0,1,1,2026-08-28,2026-08-28
construction of community centers and community halls|solapur(district collector solapur_ida),994800.0,1,1,2026-07-15,2026-07-15
lighting of public spaces|birbhum(district magistrate birbhum_ida),324617.0,1,1,2026-06-24,2026-06-24
renovation of ponds and lakes|sonipat(deputy commissioner sonepat_ida),433861.0,1,1,2026-08-17,2026-08-17
construction of rooms and halls in school and colleges|patan(district collector patan_ida),500000.0,1,1,2026-08-20,2026-08-20
construction of community centers and community halls|tamulpur(ida tamulpur),120703.0,1,1,2026-08-24,2026-08-24
"construction of roads, link roads, pathways or any other road with or without drainage system|deeg(district collector deeg_ida)",3443541.0,50,41,2026-07-02,2026-08-20
improvement of electricity distribution infrastructure|sirsa(deputy commissioner sirsa_ida),1551711.0,1,1,2026-07-13,2026-07-13
construction of public staircase/ stair ghat for public convenience|sagar(district collector sagar_ida),750000.0,1,1,2026-05-18,2026-05-18
construction of additional rooms and halls in the existing public and community building|srikakulam(district collector srikakulam_ida),3247732.0,2,1,2026-04-13,2026-07-07
"construction of roads, link roads, pathways or any other road with or without drainage system|south(commissioner south)",1981380.0,2,2,2026-08-11,2026-08-11
construction of community centers and community halls|nagaur(district collector nagaur_ida),999967.0,1,1,2026-08-10,2026-08-10
providing drains and gutters for public drainage|bokaro(deputy commissioner bokaro_ida),375000.0,1,1,2026-08-27,2026-08-27
purchase of non-conventional energy system and devices for community use|navsari(district collector navsari_ida),498000.0,1,1,2026-07-14,2026-07-14
establishing public ground water recharging facilities|ujjain(district collector ujjain_ida),1242215.0,5,1,2026-05-19,2026-05-20
lighting of public spaces|nanded(district collector nanded_ida),4460517.0,3,1,2026-06-23,2026-08-18
installing tube-wells and borewells|namakkal(district collector namakkal_ida),400000.0,1,1,2026-07-31,2026-07-31
construction of bus-sheds or bus-stops|chitradurga(deputy commissioner chitradurga_ida),369849.0,1,1,2026-06-24,2026-06-24
development of playfields and sports grounds|mahendragarh(deputy commissioner mahendragarh_ida),299565.0,1,1,2026-06-22,2026-06-22
"construction of roads, link roads, pathways or any other road with or without drainage system|lower subansiri(deputy commissioner lower subansir_ida)",2500000.0,6,1,2026-03-26,2026-03-26
providing drains and gutters for public drainage|koraput(district collector koraput_ida),300000.0,1,1,2026-07-13,2026-07-13
"construction of flood control embankments/ protection walls along riverbanks, hilltops, roadsides|amritsar(deputy commissioner amritsar_ida)",115275.0,2,1,2026-06-18,2026-06-30
construction of common work sheds/ common covered sitting area|narsimhapur(district collector narsinghpur_ida),600000.0,6,5,2026-05-20,2026-08-04
construction of boundary walls of existing public and community buildings|dhenkanal(district collector dhenkanal_ida),24274.0,1,1,2026-07-17,2026-07-17
"construction of roads, link roads, pathways or any other road with or without drainage system|arvalli(district collector arvalli_ida)",1300000.0,4,4,2026-04-08,2026-08-21
construction of bus-sheds or bus-stops|dharmapuri(district collector dharmapuri_ida),749456.0,1,1,2026-08-12,2026-08-12
lighting of public spaces|tumakuru(deputy commissioner tumkur_ida),499478.0,1,1,2026-08-14,2026-08-14
construction of common work sheds/ common covered sitting area|yamunanagar(deputy commissioner yamunanagar_ida),392083.0,1,1,2026-05-13,2026-05-13
"construction of roads, link roads, pathways or any other road with or without drainage system|nanded(district collector nanded_ida)",24748542.0,30,24,2026-04-10,2026-08-27
construction of community centers and community halls|theni(district collector theni_5),4108924.0,3,3,2026-06-24,2026-07-13
"construction of roads, link roads, pathways or any other road with or without drainage system|jorhat(deputy commissioner jorhat_ida)",198865.0,1,1,2026-08-13,2026-08-13
construction of footpaths and pedestrian ways|jalore(district collector jalore_ida),1389113.0,2,2,2026-04-10,2026-05-06
construction of rooms and halls in school and colleges|pandhurna(district collector pandhurna_ida),500000.0,1,1,2026-04-09,2026-04-09
construction of footpaths and pedestrian ways|upper subansiri(deputy commisioner upper subansiri_ida),1000000.0,1,1,2026-04-03,2026-04-03
construction of boundary walls of existing public and community buildings|rajnandgaon(district collector rajnandgaon_ida),250000.0,1,1,2026-08-07,2026-08-07
construction of community centers and community halls|nagaon(deputy commissioner nowgong_ida),913869.0,5,2,2026-06-26,2026-08-05
providing drains and gutters for public drainage|varanasi(district magistrae varanasi_ida),893850.0,2,2,2026-07-27,2026-07-27
crematoriums/energy efficient crematoriums or structures on burial/cremation ground|jamnagar(district collector jamnagar_ida),799851.0,2,2,2026-07-08,2026-08-17
purchase of vans and buses for educational institutions|patiala(deputy commissioner patiala_ida),2620000.0,1,1,2026-05-19,2026-05-19
construction of rooms and halls in school and colleges|ananthapuramu(district collector anantapur_ida),399605.0,1,1,2026-08-05,2026-08-05
renovation of ponds and lakes|sangrur(deputy commissioner sangrur_ida),591600.0,2,2,2026-07-16,2026-08-04
street lights|tiruppur(district collector tiruppur_ida),400000.0,1,1,2026-04-16,2026-04-16
"construction of roads, link roads, pathways or any other road with or without drainage system|mandsaur(district collector mandsaur_ida)",475000.0,5,1,2026-08-27,2026-08-27
"construction of roads, link roads, pathways or any other road with or without drainage system|vikarabad(district collector vikarabad_2)",869471.0,4,4,2026-05-04,2026-08-20
crematoriums/energy efficient crematoriums or structures on burial/cremation ground|ganjam(district collector ganjam_ida),300000.0,1,1,2026-06-17,2026-06-17
lighting of public spaces|virudhunagar(district collector virudhunagar_ida),120000.0,1,1,2026-07-27,2026-07-27
crematoriums/energy efficient crematoriums or structures on burial/cremation ground|kamrup(deputy commissioner kamrup_ida),353421.0,1,1,2026-08-19,2026-08-19
street lights|barnala(deputy commissioner barnala_ida),250000.0,2,1,2026-06-24,2026-08-20
providing drains and gutters for public drainage|chandrapur(district collector chandrapur_ida),995057.0,1,1,2026-06-19,2026-06-19
"construction of flood control embankments/ protection walls along riverbanks, hilltops, roadsides|uttarkashi(district collector uttarkashi_ida)",3304428.0,42,24,2026-04-13,2026-08-12
construction of community centers and community halls|jind(deputy commissioner jind),3161098.0,31,9,2026-04-23,2026-08-25
construction of buildings for community cultural activities|tumakuru(deputy commissioner tumkur_ida),750000.0,1,1,2026-06-30,2026-06-30
security gates in streets/public place for safety purpose|kalahandi(district collector kalahandi_ida),300000.0,1,1,2026-07-15,2026-07-15
construction of community centers and community halls|viluppuram(district collector villupuram_ida),1958741.0,2,1,2026-05-04,2026-05-04
construction of footpaths and pedestrian ways|south garo hills(deputy commissioner baghmara_ida),300000.0,3,3,2026-03-23,2026-07-21
construction of community centers and community halls|adilabad(district collector adilabad_ida),441862.0,1,1,2026-07-08,2026-07-08
construction of public libraries and reading rooms|mau(district magistrate mau_ida),1333402.0,1,1,2026-06-23,2026-06-23
construction of community centers and community halls|nirmal(district collector nirmal_3),1499575.0,3,3,2026-05-05,2026-07-16
setting up public non-conventional energy plants|jaipur(district collector jaipur_ida),2000000.0,2,1,2026-08-21,2026-08-21
"purchase of it systems, including hardware and software for educational purposes|dausa(district collector dausa_ida)",959500.0,1,1,2026-05-07,2026-05-07
construction of public irrigation facilities|sambalpur(district collector sambalpur_ida),1400000.0,10,6,2026-08-21,2026-08-25
construction of common work sheds/ common covered sitting area|palghar(district collector palghar_ida),928874.0,1,1,2026-07-02,2026-07-02
construction of shelters for animals|rajouri(deputy commissioner rajouri_ida),196000.0,1,1,2026-08-03,2026-08-03
construction of culverts and bridges|khammam(district collector khammam_ida),994502.0,1,1,2026-05-12,2026-05-12
construction of toilet blocks|mumbai suburban(district collector mumbai suburban_ida),2098407.0,1,1,2026-08-05,2026-08-05
"construction of government office buildings (post office, police station, police chauki, etc.)|mau(district magistrate mau_ida)",957799.0,1,1,2026-06-23,2026-06-23
"construction of flood control embankments/ protection walls along riverbanks, hilltops, roadsides|mahesana(district collector mahesana_ida)",700000.0,2,2,2026-04-21,2026-05-16
"construction of roads, link roads, pathways or any other road with or without drainage system|mahesana(district collector mahesana_ida)",8521662.0,46,40,2026-05-25,2026-08-24
construction of rooms and halls in school and colleges|baragada(district collector baragarh_ida),776000.0,2,2,2026-07-27,2026-08-12
improvement of electricity distribution infrastructure|meerut(district magistrate meerut_ida),420145.0,3,2,2026-07-15,2026-07-25
construction of rooms and halls in school and colleges|raigarh(district collector raigarh_ida),729437.0,1,1,2026-08-25,2026-08-25
construction of night shelters for homeless|mahesana(district collector mahesana_ida),220000.0,1,1,2026-07-16,2026-07-16
construction of additional rooms and halls in the existing public and community building|west garo hills(deputy commissioner west garo hills_ida),500000.0,1,1,2026-07-22,2026-07-22
construction of rooms and halls in school and colleges|patiala(deputy commissioner patiala_ida),176050.0,4,3,2026-05-11,2026-08-11
construction of common work sheds/ common covered sitting area|rajnandgaon(district collector rajnandgaon_ida),150000.0,1,1,2026-08-24,2026-08-24
construction of buildings for crèches and anganwadies|kollam(district collector kollam_ida),493113.0,1,1,2026-04-16,2026-04-16
construction of public libraries and reading rooms|chhindwara(district collector chhindwara_ida),482655.0,2,1,2026-05-15,2026-08-20
"construction of roads, link roads, pathways or any other road with or without drainage system|prayagraj(district magistrae allahabad_ida)",9593571.0,14,13,2025-12-26,2026-08-27
construction of water tanks|kendrapada(district collector kendrapara_ida),745067.0,1,1,2026-08-01,2026-08-01
construction of additional rooms and halls in the existing public and community building|azamgarh(district magistrate azamgarh_ida),1105836.0,1,1,2026-06-20,2026-06-20
installing tube-wells and borewells|ludhiana(deputy commissioner ludhiana_ida),1233496.0,1,1,2026-05-06,2026-05-06
construction of rooms and halls in school and colleges|sundaragada(district collector sundargarh_ida),900000.0,1,1,2026-07-03,2026-07-03
installation of multi-gym equipment|hoshiarpur(deputy commissioner hoshiarpur_ida),251253.0,9,5,2026-06-19,2026-08-21
"construction of roads, link roads, pathways or any other road with or without drainage system|jharsuguda(district collectorjharsuguda_ida)",95982.0,3,1,2026-07-07,2026-07-13
"construction of roads, link roads, pathways or any other road with or without drainage system|sarangarh-bilaigarh(collector sb_ida)",1099450.0,3,2,2026-04-10,2026-07-29
development of playfields and sports grounds|faridkot(deputy commissioner faridkot_ida),93936.0,6,6,2026-04-10,2026-05-20
"purchase of it systems, including hardware and software for educational purposes|auraiya(district magistrate auraiya_ida)",374627.0,1,1,2026-08-13,2026-08-13
construction of foot over bridge (fob)|kamrup metro(deputy commissioner kamrup metropolitan_ida),180000.0,1,1,2026-07-02,2026-07-02
construction of additional rooms and halls in the existing public and community building|jammu(deputy commissioner jammu_ida),1147860.0,1,1,2026-06-18,2026-06-18
development of playfields and sports grounds|jagitial(district collector jagtial_ida),436800.0,1,1,2026-08-21,2026-08-21
"construction of roads, link roads, pathways or any other road with or without drainage system|wayanad(district collector wayanad_ida)",1414366.0,1,1,2026-07-15,2026-07-15
construction of community centers and community halls|sarangarh-bilaigarh(collector sb_ida),500000.0,1,1,2026-05-12,2026-05-12
renovation of ponds and lakes|seoni(district collector seoni_ida),375000.0,1,1,2026-07-09,2026-07-09
purchase of training equipment|jaipur(district collector jaipur_ida),998988.0,1,1,2026-05-07,2026-05-07
construction of buildings for sports facilities|sepahijala(district magistrate and collector sipahijala_ida),719965.0,1,1,2026-08-17,2026-08-17
construction of community centers and community halls|sri sathya sai(district collector sri sathya sai_ida),3159595.0,2,1,2026-06-18,2026-06-19
construction of boundary walls of existing public and community buildings|shahpura(district collector shahpura_ida),304789.0,1,1,2026-08-21,2026-08-21
improvement of electricity distribution infrastructure|mau(district magistrate mau_ida),167287.0,1,1,2025-10-08,2025-10-08
"construction of roads, link roads, pathways or any other road with or without drainage system|dindori(district collector dindori_ida)",760000.0,4,3,2026-07-01,2026-08-24
security gates in streets/public place for safety purpose|north and middle andaman(implementing district authority(n&ma)),2482831.0,1,1,2026-07-14,2026-07-14
"construction of roads, link roads, pathways or any other road with or without drainage system|porbandar(district collector porbandar_ida)",2312730.0,9,9,2026-04-11,2026-08-29
construction of public irrigation facilities|thiruvananthapuram(district collector thiruvananthapuram_ida),811809.0,1,1,2026-08-06,2026-08-06
"construction of roads, link roads, pathways or any other road with or without drainage system|amreli(district collector amreli_ida)",5948581.0,20,20,2026-04-04,2026-08-27
construction of community centers and community halls|kaimur (bhabua)(district planning officer kaimur bhabua_ida),201465.0,1,1,2026-06-27,2026-06-27
fitting of sitting rcc benches in public places|gwalior(district collector gwalior_ida),1299809.0,3,2,2026-05-08,2026-08-25
construction of rainwater harvesting structures|jaunpur(district magistrate jaunpur_ida),1939608.0,1,1,2026-07-22,2026-07-22
"construction of roads, link roads, pathways or any other road with or without drainage system|bhiwani(dc cum nodal officer mplads bhiwani)",1600000.0,3,3,2026-07-28,2026-08-01
"construction of roads, link roads, pathways or any other road with or without drainage system|mau(district magistrate mau_ida)",4897701.0,6,5,2026-07-04,2026-08-20
construction of water tanks|tiruppur(district collector tiruppur_ida),1099868.0,1,1,2026-05-19,2026-05-19
"construction of roads, link roads, pathways or any other road with or without drainage system|tirunelveli(district collector tirunelveli_ida)",3968663.0,2,2,2026-05-18,2026-06-20
improvement of electricity distribution infrastructure|sonipat(deputy commissioner sonepat_ida),316141.0,1,1,2026-06-30,2026-06-30
"construction of roads, link roads, pathways or any other road with or without drainage system|boudh(district collector boudh_ida)",300000.0,5,5,2026-08-17,2026-08-17
construction of community centers and community halls|mayiladuthurai(district collector mayiladuthurai_ida),1333598.0,1,1,2026-08-05,2026-08-05
street lights|chandigarh(deputy commissioner zilla parishad chandigarh_ida),483836.0,1,1,2026-07-28,2026-07-28
purchase of vans and buses for educational institutions|west garo hills(deputy commissioner west garo hills_ida),2000000.0,1,1,2026-06-25,2026-06-25
"construction of roads, link roads, pathways or any other road with or without drainage system|cachar(deputy commissioner cachar_ida)",125000.0,3,2,2026-08-27,2026-08-27
street lights|bengaluru urban(deputy commissioner bangalore urban_ida),199596.0,1,1,2026-05-08,2026-05-08
construction of rooms and halls in school and colleges|tirupati(district collector tirupati_ida),499993.0,1,1,2026-08-01,2026-08-01
construction of rooms and halls in school and colleges|malkangiri(district collector malkangiri_ida),2785798.0,6,4,2026-04-09,2026-08-29
construction of buildings for community cultural activities|sangli(district collector sangli_ida),3981384.0,4,4,2026-07-14,2026-08-06
"construction of flood control embankments/ protection walls along riverbanks, hilltops, roadsides|panch mahals(district collector panchmahals_ida)",200000.0,1,1,2026-07-16,2026-07-16
construction of culverts and bridges|srinagar(deputy commissioner srinagar_ida),155000.0,1,1,2026-01-22,2026-01-22
"construction of roads, link roads, pathways or any other road with or without drainage system|gir somnath(district collector gir somnath_ida)",1433858.0,5,5,2026-05-18,2026-08-14
construction of community centers and community halls|nayagada(district collector nayagarh_ida),187121.0,1,1,2026-08-05,2026-08-05
"construction of roads, link roads, pathways or any other road with or without drainage system|patiala(deputy commissioner patiala_ida)",419206.0,9,3,2026-04-07,2026-08-18
construction of rooms and halls in school and colleges|ambala(deputy commissioner ambala_ida),24449.0,1,1,2026-06-26,2026-06-26
construction of community centers and community halls|dhemaji(deputy commissioner dhemaji_ida),1095342.0,4,2,2026-06-20,2026-08-06
"construction of roads, link roads, pathways or any other road with or without drainage system|hamirpur(district magistrate hamirpur_2)",2196405.0,2,1,2026-05-08,2026-05-10
construction of community centers and community halls|sidhi(district collector sidhi_ida),249728.0,1,1,2026-08-21,2026-08-21
improvement of electricity distribution infrastructure|anantnag(deputy commissioner anantnag_ida),2274722.0,4,3,2026-05-22,2026-07-02
construction of rooms and halls in school and colleges|balangir(district collector bolangir_ida),322564.0,1,1,2026-06-25,2026-06-25
construction of buildings for community cultural activities|mungeli(collector mungeli_ida),1391478.0,1,1,2026-07-17,2026-07-17
installation of fixed garden gym equipment|chandigarh(deputy commissioner zilla parishad chandigarh_ida),243775.0,1,1,2026-08-04,2026-08-04
street lights|dharmapuri(district collector dharmapuri_ida),1132140.0,2,1,2026-06-19,2026-06-19
construction of boundary walls of existing public and community buildings|anoopgarh(district collector anoopgarh_ida),368227.0,1,1,2026-05-30,2026-05-30
crematoriums/energy efficient crematoriums or structures on burial/cremation ground|sonipat(deputy commissioner sonepat_ida),732327.0,7,1,2026-08-26,2026-08-26
construction of buildings for community cultural activities|belagavi(deputy commissioner belgaum_ida),4850002.0,12,12,2026-05-19,2026-08-19
construction of community centers and community halls|damoh(district collector damoh_ida),300000.0,1,1,2026-06-23,2026-06-23
"construction of roads, link roads, pathways or any other road with or without drainage system|hooghly(district magistrate hooghly_ida)",492429.0,1,1,2026-05-11,2026-05-11
construction of common work sheds/ common covered sitting area|sirsa(deputy commissioner sirsa_ida),533439.0,2,2,2026-04-10,2026-07-24
construction of additional rooms and halls in the existing public and community building|jabalpur(district collector jabalpur_ida),612299.0,3,1,2026-07-06,2026-07-06
street lights|bathinda(deputy commissioner bhatinda_ida),236321.0,1,1,2026-07-15,2026-07-15
"purchase of prosthetics, wheel chairs, tricycles (manual or motorized), elect scooties, hearing aids|mansa(deputy commissioner mansa_ida)",45000.0,1,1,2026-04-02,2026-04-02
improvement of electricity distribution infrastructure|ganganagar(zilla ganganagar),1055074.0,2,2,2026-04-09,2026-06-18
construction of buildings for community cultural activities|madurai(district collector madurai_ida),1196125.0,1,1,2026-05-26,2026-05-26
construction of boundary walls of existing public and community buildings|perambalur(district collector perambalur_ida),498957.0,1,1,2026-05-06,2026-05-06
street lights|pathankot(deputy commissioner pathankot_ida),534507.0,2,2,2026-08-04,2026-08-11
"purchase of prosthetics, wheel chairs, tricycles (manual or motorized), elect scooties, hearing aids|west tripura(district magistrate west tripura_ida)",118408.0,1,1,2026-07-06,2026-07-06
"construction of roads, link roads, pathways or any other road with or without drainage system|korba(collector-korba)",735000.0,2,2,2026-06-16,2026-06-19
"construction of roads, link roads, pathways or any other road with or without drainage system|muzaffarnagar(district magistrate muzaffarnagar_ida)",11330840.0,36,15,2026-04-24,2026-08-25
providing drains and gutters for public drainage|sri muktsar sahib(deputy commissioner sri muktsar sahib_ida),180348.0,4,2,2026-06-26,2026-06-26
construction of boundary walls of existing public and community buildings|dibrugarh(deputy commissioner dibrugarh_ida),290210.0,1,1,2026-08-18,2026-08-18
construction of additional rooms and halls in the existing public and community building|nizamabad(district collector nizamabad_ida),899992.0,2,2,2026-06-18,2026-07-04
construction of common work sheds/ common covered sitting area|cuddalore(district collector cuddalore_ida),597851.0,1,1,2026-05-29,2026-05-29
installing hand pumps|arwal(district planning officer arwal_ida),69739.0,1,1,2026-08-20,2026-08-20
construction of footpaths and pedestrian ways|south(commissioner south),3540798.0,1,1,2026-04-14,2026-04-14
"construction of roads, link roads, pathways or any other road with or without drainage system|purba medinipur(district magistrate purba medinipur_ida)",8878847.0,25,20,2026-04-12,2026-08-25
construction of additional rooms and halls in the existing public and community building|nalgonda(district collector nalgonda),1300000.0,3,2,2026-07-13,2026-08-18
"construction of roads, link roads, pathways or any other road with or without drainage system|saharanpur(district magistrae saharanpur_ida)",14784581.0,15,8,2026-07-14,2026-08-11
construction of common work sheds/ common covered sitting area|narayanpur(collector narayanpur_ida),182000.0,1,1,2026-03-02,2026-03-02
construction of additional rooms and halls in the existing public and community building|banka(district planning officer banka_ida),988705.0,1,1,2026-07-13,2026-07-13
construction of rooms and halls in school and colleges|ariyalur(district collector ariyalur_ida),4256261.0,1,1,2026-07-07,2026-07-07
purchase of furniture and fixtures for educational purposes|nalgonda(district collector nalgonda),199064.0,1,1,2026-05-11,2026-05-11
construction of footpaths and pedestrian ways|kinnaur(deputy commissioner kinnaur_ida),92000.0,1,1,2026-08-17,2026-08-17
construction of boundary walls of existing public and community buildings|khammam(district collector khammam_ida),493524.0,1,1,2026-07-09,2026-07-09
"construction of roads, link roads, pathways or any other road with or without drainage system|belagavi(deputy commissioner belgaum_ida)",1646886.0,5,5,2026-07-25,2026-08-25
construction of footpaths and pedestrian ways|fazilka(deputy commissioner fazilka_ida),100000.0,3,3,2026-06-22,2026-06-22
providing drains and gutters for public drainage|sri potti sriramulu nellore(district collector nellore_ida),297171.0,1,1,2026-07-27,2026-07-27
"construction of roads, link roads, pathways or any other road with or without drainage system|chittoor(district collector chittoor_ida)",399973.0,1,1,2026-06-23,2026-06-23
"construction of roads, link roads, pathways or any other road with or without drainage system|howrah(district magistrate howrah_ida)",4547095.0,6,3,2026-04-15,2026-08-24
improvement of electricity distribution infrastructure|satna(district collector satna_ida),10841377.0,57,3,2026-06-21,2026-08-27
"construction of roads, link roads, pathways or any other road with or without drainage system|mon(deputy commissioner mon_ida)",6800000.0,1,1,2026-08-07,2026-08-07
construction of community centers and community halls|jorhat(deputy commissioner jorhat_ida),652720.0,5,4,2026-07-16,2026-08-28
construction of community centers and community halls|parbhani(district collector parbhani_ida),999965.0,1,1,2026-05-21,2026-05-21
construction of community centers and community halls|davanagere(deputy commissioner dauanagere_ida),1500000.0,2,1,2026-08-18,2026-08-18
construction of rooms and halls in school and colleges|korba(collector-korba),700000.0,3,1,2026-07-17,2026-07-24
lighting of public spaces|prayagraj(district magistrae allahabad_ida),20786350.0,1,1,2026-07-01,2026-07-01
construction of community centers and community halls|dharwad(deputy commissioner dharwar_ida),396375.0,1,1,2026-07-29,2026-07-29
construction of public libraries and reading rooms|siddipet(district collector siddipet_ida),498611.0,1,1,2026-06-30,2026-06-30
construction of footpaths and pedestrian ways|hamirpur(district magistrate hamirpur_2),896632.0,1,1,2026-05-08,2026-05-08
construction of buildings for community cultural activities|south 24 parganas(district magistrate south twenty four parganas_ida),497927.0,1,1,2026-08-27,2026-08-27
construction of public toilets and bathrooms|sivasagar(deputy commissioner sivsagar_ida),137408.0,1,1,2026-04-04,2026-04-04
lighting of public spaces|ayodhya(district magistrae faizabad_ida),8558615.0,70,1,2026-05-27,2026-08-19
construction of common work sheds/ common covered sitting area|sidhi(district collector sidhi_ida),750000.0,4,1,2026-06-18,2026-06-18
providing supply pipelines for drinking water|morbi(district collector morbi_ida),479985.0,1,1,2026-07-18,2026-07-18
"purchase of prosthetics, wheel chairs, tricycles (manual or motorized), elect scooties, hearing aids|mathura(district magistrae mathura_ida)",165900.0,1,1,2026-06-23,2026-06-23
"construction of roads, link roads, pathways or any other road with or without drainage system|charaideo(deputy commissioner charaideo_ida)",95025.0,1,1,2026-08-29,2026-08-29
construction of water tanks|karur(district collector karur_ida),1799485.0,1,1,2026-05-04,2026-05-04
construction of bus-sheds or bus-stops|virudhunagar(district collector virudhunagar_ida),999628.0,1,1,2026-07-08,2026-07-08
installing community drinking water plants|ujjain(district collector ujjain_ida),400000.0,1,1,2026-05-27,2026-05-27
construction of community centers and community halls|mungeli(collector mungeli_ida),400000.0,1,1,2026-05-19,2026-05-19
construction of rooms and halls in school and colleges|nagaur(district collector nagaur_ida),254475.0,1,1,2026-05-06,2026-05-06
construction of buildings for crèches and anganwadies|mansa(deputy commissioner mansa_ida),59997.0,2,2,2026-06-15,2026-06-15
providing drains and gutters for public drainage|purba bardhaman(district magistrate purba bardhaman_ida),637871.0,1,1,2026-08-03,2026-08-03
purchase of hospital equipment|kupwara(deputy commissioner kupwara_ida),2389000.0,1,1,2026-07-14,2026-07-14
"construction of flood control embankments/ protection walls along riverbanks, hilltops, roadsides|samba(deputy commissioner samba_ida)",1379500.0,7,6,2026-04-24,2026-07-08
purchase of furniture and fixtures for educational purposes|mandi(deputy commissioner mandi_ida),60000.0,1,1,2026-08-24,2026-08-24
construction of bus-sheds or bus-stops|amreli(district collector amreli_ida),994000.0,2,2,2026-04-13,2026-08-05
"construction of flood control embankments/ protection walls along riverbanks, hilltops, roadsides|navsari(district collector navsari_ida)",1000000.0,2,2,2026-07-09,2026-08-24
crematoriums/energy efficient crematoriums or structures on burial/cremation ground|pali(district collector pali_ida),86500.0,15,14,2026-05-18,2026-05-18
purchase of ambulance to transport sick and injured animals|bathinda(deputy commissioner bhatinda_ida),1386900.0,1,1,2026-08-25,2026-08-25
construction of community centers and community halls|golaghat(deputy commissioner golaghat_ida),8566690.0,18,13,2026-05-11,2026-08-27
construction of boundary walls of existing public and community buildings|adilabad(district collector adilabad_ida),1345610.0,3,3,2026-05-04,2026-06-30
construction of water tanks|kathua(district development commissioner kathua_ida),191000.0,1,1,2026-08-14,2026-08-14
improvement of electricity distribution infrastructure|kanpur nagar(district magistrae kanpur nagar_ida),237319.0,1,1,2026-07-09,2026-07-09
construction of community centers and community halls|jamui(district planning officer jamui_ida),764387.0,1,1,2026-08-27,2026-08-27
security gates in streets/public place for safety purpose|nalbari(deputy commissioner nalbari_ida),869379.0,10,2,2026-05-14,2026-08-27
construction of community centers and community halls|dibrugarh(deputy commissioner dibrugarh_ida),1507892.0,2,1,2026-07-24,2026-08-21
improvement of electricity distribution infrastructure|vizianagaram(district collector vizianagaram_ida),663999.0,1,1,2026-05-13,2026-05-13
retrofitting in essential lifeline buildings|kargil(deputy commissionerkargil),650000.0,1,1,2026-05-22,2026-05-22
"construction of roads, link roads, pathways or any other road with or without drainage system|mandla(district collector mandla_ida)",720000.0,3,3,2026-05-20,2026-07-03
construction of common work sheds/ common covered sitting area|bastar(district collector bastar_ida),449191.0,3,2,2026-05-04,2026-08-24
"construction of roads, link roads, pathways or any other road with or without drainage system|idukki(district collector idukki_ida)",1412108.0,2,2,2026-05-16,2026-06-20
construction of community centers and community halls|s.a.s nagar(deputy commissioner sahibzada ajit singh nagar mohali_ida),373097.0,2,2,2026-07-02,2026-07-27
"construction of roads, link roads, pathways or any other road with or without drainage system|amravati(district collector amravati_ida)",4481376.0,7,6,2026-04-15,2026-08-11
development of public parks|pathankot(deputy commissioner pathankot_ida),174804.0,5,3,2026-04-15,2026-04-15
"construction of roads, link roads, pathways or any other road with or without drainage system|nainital(district magistrate nainital_ida)",1869963.0,62,58,2026-04-08,2026-08-27
"patrolling vehicles to government institution for public conveniences, safety and security|sivaganga(district collector sivaganga_ida)",928530.0,1,1,2026-08-14,2026-08-14
construction of public staircase/ stair ghat for public convenience|saran(district planning office saran chapra_ida),4653446.0,5,5,2026-05-02,2026-08-27
lighting of public spaces|kataka(district collector cuttack_ida),599000.0,4,3,2026-05-14,2026-08-28
construction of rooms and halls in school and colleges|bharatpur(district collector bharatpur_ida),79665.0,1,1,2026-07-14,2026-07-14
construction of community centers and community halls|balangir(district collector bolangir_ida),3070860.0,11,11,2026-05-20,2026-08-21
"construction of community centers and community halls|khawzawl(office of the deputy commissioner, khawzawl)",300000.0,1,1,2026-04-17,2026-04-17
creation of new ponds|chumoukedima(deputy commissioner chumoukedima_ida),700000.0,2,2,2026-08-06,2026-08-06
construction of common work sheds/ common covered sitting area|hanumangarh(district collector hanumangarh_ida),597221.0,21,21,2026-04-14,2026-04-14
"construction of roads, link roads, pathways or any other road with or without drainage system|rajouri(deputy commissioner rajouri_ida)",710000.0,1,1,2026-05-07,2026-05-07
"purchase of it systems, including hardware and software for educational purposes|kota(district collector kota_ida)",66000.0,1,1,2026-05-14,2026-05-14
construction of community centers and community halls|malerkotla(deputy commissioner malerkotla_ida),146880.0,2,2,2026-04-17,2026-04-17
construction of community centers and community halls|una(deputy commissioenr una_ida),200000.0,1,1,2026-08-25,2026-08-25
"purchase of hearse van (four, three and two wheelers)|gandhinagar(district collector gandhinagar_ida)",337854.0,1,1,2026-07-10,2026-07-10
construction of buildings for community cultural activities|hoshiarpur(deputy commissioner hoshiarpur_ida),189659.0,10,6,2026-04-06,2026-08-07
construction of bus-sheds or bus-stops|ananthapuramu(district collector anantapur_ida),499613.0,1,1,2026-08-04,2026-08-04
construction of rooms and halls in school and colleges|rae bareli(district magistrate rae bareli_ida),388763.0,1,1,2026-07-06,2026-07-06
construction of community centers and community halls|mandi(deputy commissioner mandi_ida),1230000.0,14,13,2026-07-13,2026-08-29
construction of community centers and community halls|south andamans(implementing district authority(sa)),2963018.0,2,2,2026-04-09,2026-07-27
construction of boundary walls of existing public and community buildings|amravati(district collector amravati_ida),4529620.0,5,5,2026-04-10,2026-07-31
construction of common work sheds/ common covered sitting area|ujjain(district collector ujjain_ida),1500000.0,3,3,2026-05-14,2026-08-07
construction of common work sheds/ common covered sitting area|amritsar(deputy commissioner amritsar_ida),292000.0,4,3,2026-05-06,2026-08-20
construction of buildings for community cultural activities|lakhimpur(deputy commissioner lakhimpur_ida),297911.0,1,1,2026-07-30,2026-07-30
installing tube-wells and borewells|banas kantha(district collector banas kantha_ida),699884.0,2,2,2026-05-16,2026-07-02
construction of common work sheds/ common covered sitting area|khandwa (east nimar)(district collector east nimar_ida),1213436.0,23,10,2026-04-14,2026-07-18
construction of boundary walls of existing public and community buildings|poonch(deputy commissioner poonch_ida),1897000.0,2,1,2026-05-07,2026-07-13
crematoriums/energy efficient crematoriums or structures on burial/cremation ground|hanumakonda(district collector hanumakonda_ida),496913.0,1,1,2026-07-18,2026-07-18
"construction of flood control embankments/ protection walls along riverbanks, hilltops, roadsides|chirang(deputy commissioner chirang_ida)",750000.0,1,1,2026-05-25,2026-05-25
installing tube-wells and borewells|narmada(district collector narmada_ida),325265.0,3,3,2026-08-18,2026-08-24
construction of boundary walls of existing public and community buildings|sikar(district collector sikar_ida),65931.0,1,1,2026-05-11,2026-05-11
construction of water tanks|murshidabad(district magistrate murshidabad_ida),3547497.0,2,2,2026-08-23,2026-08-23
construction of community centers and community halls|yamunanagar(deputy commissioner yamunanagar_ida),1476844.0,2,2,2026-05-19,2026-07-13
construction of boundary walls of existing public and community buildings|bhadrak(district collector bhadrak_ida),600000.0,2,2,2026-05-18,2026-05-21
purchase of other aids / devices required for p/ m/ v/ h impaired for differently abled persons|rajsamand(district collector rajsamand_ida),244750.0,1,1,2026-05-26,2026-05-26
"construction of roads, link roads, pathways or any other road with or without drainage system|fazilka(deputy commissioner fazilka_ida)",910000.0,13,7,2026-05-14,2026-06-23
"construction of roads, link roads, pathways or any other road with or without drainage system|darjeeling(district magistrate darjeeling_ida)",858881.0,1,1,2026-06-18,2026-06-18
security gates in streets/public place for safety purpose|central(commissioner mcd (central district)),774297.0,2,1,2026-08-18,2026-08-18
construction of boundary walls of existing public and community buildings|ganderbal(deputy commissioner ganderbal_ida),349985.0,1,1,2026-05-04,2026-05-04
construction of rainwater harvesting structures|y.s.r. kadapa(district collector cuddapah_ida),495905.0,1,1,2026-05-29,2026-05-29
construction of community centers and community halls|chirang(deputy commissioner chirang_ida),750000.0,1,1,2026-06-22,2026-06-22
purchase of books and periodicals for libraries/digitization of library books|gandhinagar(district collector gandhinagar_ida),394505.0,5,4,2026-04-21,2026-04-23
construction of artificial reef|rajnandgaon(district collector rajnandgaon_ida),150000.0,1,1,2026-08-07,2026-08-07
"construction of roads, link roads, pathways or any other road with or without drainage system|kurukshetra(deputy commissioner kurukshetra_ida)",323660.0,1,1,2026-07-21,2026-07-21
construction of toilet blocks|rae bareli(district magistrate rae bareli_ida),161194.0,1,1,2026-05-14,2026-05-14
construction of rooms and halls in school and colleges|sagar(district collector sagar_ida),581149.0,3,1,2026-06-18,2026-06-18
providing drains and gutters for public drainage|srikakulam(district collector srikakulam_ida),495433.0,1,1,2026-08-17,2026-08-17
construction of common work sheds/ common covered sitting area|ambala(deputy commissioner ambala_ida),7831.0,1,1,2026-07-09,2026-07-09
construction of culverts and bridges|narayanpet(district collector narayanpet_ida),499722.0,1,1,2026-07-08,2026-07-08
construction of rooms and halls in school and colleges|tinsukia(dc tinsukia),203650.0,1,1,2026-07-18,2026-07-18
purchase of other aids / devices required for p/ m/ v/ h impaired for differently abled persons|tirupati(district collector tirupati_ida),140000.0,1,1,2026-06-18,2026-06-18
construction of buildings for community cultural activities|niwari(district collector niwari_ida),3528574.0,3,1,2026-08-25,2026-08-25
construction of common work sheds/ common covered sitting area|arvalli(district collector arvalli_ida),800000.0,2,2,2026-08-03,2026-08-05
"construction of flood control embankments/ protection walls along riverbanks, hilltops, roadsides|rajouri(deputy commissioner rajouri_ida)",355000.0,1,1,2026-03-27,2026-03-27
construction of additional rooms and halls in the existing public and community building|lalitpur(district magistrate lalitpur_ida),117349.0,1,1,2026-05-02,2026-05-02
construction of public toilets and bathrooms|dakshina kannada(deputy commissioner dakshin kannad mangalore_ida),1800000.0,1,1,2026-08-26,2026-08-26
construction of bus-sheds or bus-stops|tiruvannamalai(district collector tiruvannamalai_ida),2098524.0,2,2,2026-05-25,2026-06-25
construction of bus-sheds or bus-stops|dindigul(district collector dindigul_ida),699124.0,1,1,2026-08-27,2026-08-27
installing community drinking water plants|eluru(district collector eluru_ida),395244.0,1,1,2026-05-25,2026-05-25
providing drains and gutters for public drainage|kolhapur(district collector kolhapur_ida),1000000.0,1,1,2026-06-23,2026-06-23
purchase of ambulance to transport sick and injured animals|haridwar(district magistrate haridwar_ida),1112500.0,1,1,2026-06-18,2026-06-18
construction of boundary walls of existing public and community buildings|kanpur dehat(district magistrate kanpur dehat_ida),2177781.0,3,1,2026-08-22,2026-08-22
"construction of roads, link roads, pathways or any other road with or without drainage system|vaishali(district planning officer vaishali_ida)",6917554.0,7,6,2026-05-05,2026-08-29
installing tube-wells and borewells|purba medinipur(district magistrate purba medinipur_ida),136025.0,1,1,2026-08-07,2026-08-07
crematoriums/energy efficient crematoriums or structures on burial/cremation ground|purba bardhaman(district magistrate purba bardhaman_ida),398628.0,1,1,2026-07-21,2026-07-21
construction of common work sheds/ common covered sitting area|churu(district collector churu_ida),1567257.0,2,2,2026-05-08,2026-08-25
"construction of roads, link roads, pathways or any other road with or without drainage system|yamunanagar(deputy commissioner yamunanagar_ida)",542545.0,3,3,2026-06-12,2026-08-27
construction of stadiums|sri muktsar sahib(deputy commissioner sri muktsar sahib_ida),294000.0,4,1,2026-06-16,2026-06-16
construction of community centers and community halls|banas kantha(district collector banas kantha_ida),900000.0,2,2,2026-05-16,2026-07-01
development of public parks|mahendragarh(deputy commissioner mahendragarh_ida),149357.0,1,1,2026-05-04,2026-05-04
"construction of roads, link roads, pathways or any other road with or without drainage system|jajpur(district collector jajpur_ida)",488147.0,2,2,2026-07-16,2026-07-16
construction of community centers and community halls|dhenkanal(district collector dhenkanal_ida),809208.0,2,2,2026-05-29,2026-05-29
construction of common work sheds/ common covered sitting area|bilaspur(district collector bilaspur_ida),3399797.0,4,4,2026-04-10,2026-08-11
street lights|purnia(district planning officer purnia_ida),13121600.0,16,1,2026-07-03,2026-07-03
purchase of vehicles for mobile libraries|alwar(district collector alwar_ida),1833174.0,1,1,2026-07-12,2026-07-12
"construction of roads, link roads, pathways or any other road with or without drainage system|lucknow(district magistrae lucknow_ida)",14721182.0,16,4,2026-04-12,2026-08-08
security gates in streets/public place for safety purpose|balrampur-ramanujganj(district collector balrampur_ida),441288.0,1,1,2026-04-09,2026-04-09
construction of footpaths and pedestrian ways|doda(deputy commissioner doda_ida),131000.0,1,1,2026-06-18,2026-06-18
crematoriums/energy efficient crematoriums or structures on burial/cremation ground|srinagar(deputy commissioner srinagar_ida),276000.0,1,1,2026-06-24,2026-06-24
construction of rooms and halls in school and colleges|puducherry(project director rda puducherry_ida),102421.0,1,1,2026-08-18,2026-08-18
crematoriums/energy efficient crematoriums or structures on burial/cremation ground|gurugram(dc cum nodal officer mplads_5),995899.0,1,1,2026-05-06,2026-05-06
construction of community centers and community halls|nashik(district collector nashik_ida),5958418.0,5,5,2026-06-30,2026-08-20
lighting of public spaces|mayurbhanj(district collector mayurbhanj_ida),600000.0,2,1,2026-06-25,2026-06-25
construction of common work sheds/ common covered sitting area|faridkot(deputy commissioner faridkot_ida),299980.0,4,2,2026-08-04,2026-08-17
construction of rooms and halls in school and colleges|mayurbhanj(district collector mayurbhanj_ida),250000.0,1,1,2026-05-29,2026-05-29
"purchase of smart boards, visual display units and projectors|sribhumi(deputy commissioner , karimganj)",841500.0,1,1,2026-08-08,2026-08-08
installing tube-wells and borewells|alluri sitharama raju(district collector alluri sitharamaraju_ida),498077.0,1,1,2026-08-24,2026-08-24
street lights|sultanpur(district magistrate sultanpur_ida),9707139.0,1,1,2026-08-07,2026-08-07
"construction of roads, link roads, pathways or any other road with or without drainage system|jagitial(district collector jagtial_ida)",268220.0,1,1,2026-08-19,2026-08-19
construction of rooms and halls in school and colleges|panch mahals(district collector panchmahals_ida),594000.0,2,2,2026-07-14,2026-08-14
lighting of public spaces|theni(district collector theni_5),697750.0,2,1,2026-06-22,2026-06-22
construction of culverts and bridges|sagar(district collector sagar_ida),375000.0,1,1,2026-08-20,2026-08-20
installation of fixed garden gym equipment|sagar(district collector sagar_ida),911540.0,1,1,2026-05-08,2026-05-08
construction of footpaths and pedestrian ways|chhotaudepur(district collector chhota udepur_ida),198384.0,1,1,2026-08-24,2026-08-24
"construction of roads, link roads, pathways or any other road with or without drainage system|kachchh(district collector kutch_ida)",199843.0,1,1,2026-08-04,2026-08-04
construction of additional rooms and halls in the existing public and community building|medchal malkajgiri(district collector medchal malkajgiri_ida),900000.0,1,1,2026-04-13,2026-04-13
improvement of electricity distribution infrastructure|ghaziabad(district magistrae ghaziabad_ida),973397.0,2,2,2026-05-20,2026-06-18
development of public parks|mansa(deputy commissioner mansa_ida),368683.0,10,5,2026-05-08,2026-05-20
"construction of flood control embankments/ protection walls along riverbanks, hilltops, roadsides|leparada(deputy commisioner leparada_ida)",1350000.0,3,1,2026-04-17,2026-04-17
"construction of roads, link roads, pathways or any other road with or without drainage system|pithoragarh(nrlm , pithoragarh)",199737.0,1,1,2026-07-21,2026-07-21
construction of common work sheds/ common covered sitting area|korba(collector-korba),125000.0,1,1,2026-04-09,2026-04-09
"purchase of prosthetics, wheel chairs, tricycles (manual or motorized), elect scooties, hearing aids|narsimhapur(district collector narsinghpur_ida)",115000.0,1,1,2025-11-10,2025-11-10
construction of common work sheds/ common covered sitting area|yavatmal(district collector yavatmal_ida),198998.0,1,1,2026-08-17,2026-08-17
crematoriums/energy efficient crematoriums or structures on burial/cremation ground|shahid bhagat singh nagar(deputy commissioner shahid bhagat singh nagar_ida),98092.0,2,2,2026-07-21,2026-07-21
installation of fixed garden gym equipment|udhampur(deputy commissioner udhampur_ida),298160.0,7,3,2026-08-05,2026-08-05
installing tube-wells and borewells|kendrapada(district collector kendrapara_ida),3188856.0,5,4,2026-05-22,2026-08-01
"construction of roads, link roads, pathways or any other road with or without drainage system|bongaigaon(deputy commissioner bongaigaon_ida)",300000.0,1,1,2026-07-18,2026-07-18
installation of multi-gym equipment|fatehgarh sahib(deputy commissioner fatehgarh sahib_ida),200000.0,1,1,2026-06-26,2026-06-26
installation of fixed garden gym equipment|s.a.s nagar(deputy commissioner sahibzada ajit singh nagar mohali_ida),650000.0,2,2,2026-08-21,2026-08-21
construction of common work sheds/ common covered sitting area|raisen(district collector raisen_ida),175000.0,3,3,2026-07-01,2026-08-21
construction of boundary walls of existing public and community buildings|sri potti sriramulu nellore(district collector nellore_ida),885331.0,2,1,2026-07-22,2026-07-22
construction of community centers and community halls|budgam(deputy commissioner budgam_ida),299149.0,7,1,2026-08-18,2026-08-18
lighting of public spaces|vikarabad(district collector vikarabad_2),496108.0,2,1,2026-08-07,2026-08-07
crematoriums/energy efficient crematoriums or structures on burial/cremation ground|jammu(deputy commissioner jammu_ida),1687239.0,4,3,2026-04-18,2026-07-28
construction of boundary walls of existing public and community buildings|amethi(district magistrae amethi_ida),337500.0,1,1,2026-07-30,2026-07-30
"purchase of hearse van (four, three and two wheelers)|junagadh(district collector junagadh_ida)",960000.0,1,1,2026-06-25,2026-06-25
"construction of roads, link roads, pathways or any other road with or without drainage system|kollam(district collector kollam_ida)",4148162.0,8,7,2026-05-07,2026-08-05
setting up of kitchen and pantries|sirmaur(deputy commissioner sirmour_ida),200000.0,1,1,2026-04-25,2026-04-25
construction of footpaths and pedestrian ways|north garo hills(deputy commissioner north garo hills resubelpara_ida),400000.0,4,2,2026-07-23,2026-08-12
purchase of furniture and fixtures for educational purposes|narsimhapur(district collector narsinghpur_ida),99620.0,1,1,2026-05-12,2026-05-12
construction of boundary walls of existing public and community buildings|namakkal(district collector namakkal_ida),1973111.0,2,1,2026-06-23,2026-07-23
development of playfields and sports grounds|ri bhoi(deputy commissioner ribhoi nongpoh_ida),125000.0,1,1,2026-06-17,2026-06-17
installing community drinking water plants|bathinda(deputy commissioner bhatinda_ida),151917.0,4,2,2026-04-21,2026-04-21
construction of footpaths and pedestrian ways|the nilgiris(district collector nilgiris_ida),400000.0,1,1,2026-07-23,2026-07-23
improvement of electricity distribution infrastructure|kozhikode(district collector kozhikode_ida),799272.0,1,1,2026-05-23,2026-05-23
construction of rooms and halls in school and colleges|purba bardhaman(district magistrate purba bardhaman_ida),248606.0,1,1,2026-08-17,2026-08-17
"construction of roads, link roads, pathways or any other road with or without drainage system|jhunjhunu(district collector jhunjhunu_ida)",1138627.0,44,44,2026-04-09,2026-05-22
purchase of hospital equipment|chennai(commissioner muncipal corporation chennai_ida),9977320.0,1,1,2026-05-22,2026-05-22
purchase of vehicles for mobile libraries|kottayam(district collector kottayam_ida),65500.0,1,1,2026-05-15,2026-05-15
"construction of roads, link roads, pathways or any other road with or without drainage system|ludhiana(deputy commissioner ludhiana_ida)",641621.0,13,11,2026-05-11,2026-08-25
crematoriums/energy efficient crematoriums or structures on burial/cremation ground|jind(deputy commissioner jind),115444.0,1,1,2026-06-23,2026-06-23
street lights|gurdaspur(deputy commissioner gurdaspur_ida),1134716.0,5,4,2026-05-05,2026-08-21
construction of community centers and community halls|didwana-kuchaman(district collector didwana kuchaman_ida),404036.0,1,1,2026-07-22,2026-07-22
"construction of roads, link roads, pathways or any other road with or without drainage system|shivpuri(district collector shivpuri_ida)",2744899.0,9,9,2026-07-23,2026-08-19
"construction of roads, link roads, pathways or any other road with or without drainage system|ratlam(district collector ratlam_ida)",2768562.0,8,8,2026-05-05,2026-08-11
"construction of government office buildings (post office, police station, police chauki, etc.)|davanagere(deputy commissioner dauanagere_ida)",1500000.0,1,1,2026-08-18,2026-08-18
"construction of roads, link roads, pathways or any other road with or without drainage system|dakshina kannada(deputy commissioner dakshin kannad mangalore_ida)",5482380.0,13,10,2026-05-15,2026-08-19
construction of community centers and community halls|alwar(district collector alwar_ida),2107807.0,1,1,2026-07-02,2026-07-02
construction of stadiums|uttar dinajpur(district magistrate uttar dinajpur_ida),1918541.0,1,1,2026-07-10,2026-07-10
"construction of roads, link roads, pathways or any other road with or without drainage system|auraiya(district magistrate auraiya_ida)",2412788.0,7,3,2026-05-30,2026-08-14
"construction of roads, link roads, pathways or any other road with or without drainage system|thiruvallur(district collector tiruvallur_ida)",1976893.0,3,2,2026-06-17,2026-06-22
construction of footpaths and pedestrian ways|malappuram(district collector malappuram_ida),685699.0,2,2,2026-07-06,2026-08-21
construction of common work sheds/ common covered sitting area|surguja(collector surguja_ida),250000.0,1,1,2026-05-19,2026-05-19
construction of public toilets and bathrooms|madurai(district collector madurai_ida),799780.0,1,1,2026-06-12,2026-06-12
crematoriums/energy efficient crematoriums or structures on burial/cremation ground|deeg(district collector deeg_ida),81994.0,1,1,2026-07-06,2026-07-06
construction of boundary walls of existing public and community buildings|kurukshetra(deputy commissioner kurukshetra_ida),597528.0,2,2,2026-05-12,2026-07-21
"construction of roads, link roads, pathways or any other road with or without drainage system|dhule(district collector dhule_ida)",2969462.0,3,3,2026-07-01,2026-08-27
construction of bus-sheds or bus-stops|kanniyakumari(district collector kanniyakumari_ida),956591.0,2,2,2026-08-21,2026-08-27
construction of public irrigation facilities|dahod(district collector dohad_ida),2164023.0,5,5,2026-07-03,2026-08-23
construction of boundary walls of existing public and community buildings|mau(district magistrate mau_ida),595579.0,1,1,2026-07-08,2026-07-08
providing drains and gutters for public drainage|bhadrak(district collector bhadrak_ida),300000.0,1,1,2026-08-01,2026-08-01
construction of common work sheds/ common covered sitting area|hoshiarpur(deputy commissioner hoshiarpur_ida),120699.0,3,3,2026-05-11,2026-06-22
crematoriums/energy efficient crematoriums or structures on burial/cremation ground|tikamgarh(district collector tikamgarh_ida),1868757.0,18,17,2026-04-08,2026-07-25
construction of buildings for community cultural activities|bongaigaon(deputy commissioner bongaigaon_ida),540000.0,2,2,2026-07-03,2026-08-26
"construction of roads, link roads, pathways or any other road with or without drainage system|durg(district collector durg_ida)",610000.0,2,2,2026-07-06,2026-08-18
installing community drinking water plants|nainital(district magistrate nainital_ida),100000.0,1,1,2026-07-15,2026-07-15
construction of public toilets and bathrooms|satara(district collector satara_ida),413190.0,1,1,2026-08-25,2026-08-25
construction of toilet blocks|palakkad(district collector palakkad_ida),453160.0,1,1,2026-08-22,2026-08-22
lighting of public spaces|ernakulam(district collector ernakulam_ida),220427.0,1,1,2026-08-20,2026-08-20
construction of community centers and community halls|tumakuru(deputy commissioner tumkur_ida),3598330.0,7,5,2026-06-22,2026-08-17
"construction of roads, link roads, pathways or any other road with or without drainage system|jhansi(district magistrae jhansi_ida)",2308020.0,11,4,2026-07-11,2026-08-21
"construction of roads, link roads, pathways or any other road with or without drainage system|bhilwara(district collector bhilwara_ida)",1058622.0,55,47,2026-07-25,2026-08-13
construction of community centers and community halls|pudukkottai(district collector pudukkottai_ida),1494539.0,2,2,2026-05-06,2026-05-08
providing cctv camera system for security of public areas|howrah(district magistrate howrah_ida),300165.0,1,1,2026-07-30,2026-07-30
installing community drinking water plants|dakshin dinajpur(district magistrate dinajpur dakshin_ida),1997453.0,5,2,2026-05-12,2026-08-25
construction of public irrigation facilities|suryapet(district collector suryapet),500000.0,1,1,2026-08-21,2026-08-21
construction of rooms and halls in school and colleges|ambedkar nagar(district magistrate ambedkar nagar_ida),300000.0,1,1,2026-05-21,2026-05-21
"construction of roads, link roads, pathways or any other road with or without drainage system|fatehpur(district magistrate fatehpur_ida)",1407600.0,2,2,2026-05-07,2026-07-18
construction of rooms and halls in school and colleges|salem(district collector salem_ida),2276220.0,1,1,2026-08-24,2026-08-24
"construction of government office buildings (post office, police station, police chauki, etc.)|nadia(district magistrate nadia_ida)",2168004.0,1,1,2026-06-23,2026-06-23
installing tube-wells and borewells|garhwa(deputy commissioner garhwa_ida),270000.0,1,1,2026-07-07,2026-07-07
construction of additional rooms and halls in the existing public and community building|bathinda(deputy commissioner bhatinda_ida),945827.0,24,22,2026-04-24,2026-07-07
crematoriums/energy efficient crematoriums or structures on burial/cremation ground|banda(district magistrate banda_ida),257870.0,2,1,2026-05-21,2026-07-26
crematoriums/energy efficient crematoriums or structures on burial/cremation ground|kamrup metro(deputy commissioner kamrup metropolitan_ida),360000.0,1,1,2026-07-04,2026-07-04
installing tube-wells and borewells|tiruchirappalli(district collector tiruchirappalli_ida),224779.0,1,1,2026-05-19,2026-05-19
construction of public irrigation facilities|anantnag(deputy commissioner anantnag_ida),149595.0,1,1,2026-05-04,2026-05-04
"construction of roads, link roads, pathways or any other road with or without drainage system|bhadohi(district magistrate bhadohi_ida)",2952872.0,4,3,2026-06-27,2026-08-14
"construction of government office buildings (post office, police station, police chauki, etc.)|chengalpattu(district collector chengalpattu_ida)",999869.0,1,1,2026-05-30,2026-05-30
"construction of roads, link roads, pathways or any other road with or without drainage system|siddipet(district collector siddipet_ida)",1196788.0,1,1,2026-06-18,2026-06-18
crematoriums/energy efficient crematoriums or structures on burial/cremation ground|mandi(deputy commissioner mandi_ida),351546.0,4,4,2026-07-01,2026-08-26
"construction of roads, link roads, pathways or any other road with or without drainage system|chandigarh(deputy commissioner zilla parishad chandigarh_ida)",2260253.0,3,2,2026-06-12,2026-08-03
installing tube-wells and borewells|madurai(district collector madurai_ida),555127.0,2,1,2026-07-22,2026-07-22
lighting of public spaces|adilabad(district collector adilabad_ida),150000.0,1,1,2026-06-20,2026-06-20
construction of water tanks|dhar(district collector dhar_ida),250000.0,1,1,2026-08-24,2026-08-24
construction of bus-sheds or bus-stops|barnala(deputy commissioner barnala_ida),151772.0,4,4,2026-04-01,2026-07-14
construction of rooms and halls in school and colleges|hanumangarh(district collector hanumangarh_ida),969554.0,2,2,2026-08-14,2026-08-19
construction of bus-sheds or bus-stops|tiruppur(district collector tiruppur_ida),1780228.0,2,2,2026-04-07,2026-08-27
construction of culverts and bridges|hardoi(district magistrate hardoi_ida),823872.0,1,1,2026-06-23,2026-06-23
setting up public non-conventional energy plants|siddharthnagar(district magistrate siddharth nagar_ida),350000.0,3,1,2026-05-05,2026-08-03
installing tube-wells and borewells|adilabad(district collector adilabad_ida),829961.0,5,1,2026-04-05,2026-04-05
"construction of roads, link roads, pathways or any other road with or without drainage system|hassan(deputy commissioner hassan_ida)",2396306.0,9,7,2026-04-22,2026-08-25
"construction of roads, link roads, pathways or any other road with or without drainage system|chandauli(district magistrate chandauli_ida)",2594631.0,5,3,2026-05-05,2026-07-22
"purchase of ambulances (four, three and two wheelers)|ahmedabad(district collector ahmadabad_ida)",4982000.0,1,1,2026-06-20,2026-06-20
"construction of roads, link roads, pathways or any other road with or without drainage system|sikar(district collector sikar_ida)",2155544.0,42,29,2026-05-08,2026-06-29
providing supply pipelines for drinking water|krishna(district collector krishna_ida),587734.0,1,1,2026-08-13,2026-08-13
"construction of roads, link roads, pathways or any other road with or without drainage system|shimla(deputy commissioner shimla_ida)",100000.0,1,1,2026-04-17,2026-04-17
purchase of sanitary pad vending machine and incinerators|south goa(district collector south goa_ida),98884.0,1,1,2026-06-18,2026-06-18
construction of water tanks|thoothukkudi(district collector thoothukudi_ida),3000000.0,1,1,2026-05-29,2026-05-29
construction of community centers and community halls|jalna(district collector jalna_ida),1665886.0,2,2,2026-05-20,2026-07-03
construction of boundary walls of existing public and community buildings|didwana-kuchaman(district collector didwana kuchaman_ida),350000.0,1,1,2026-08-07,2026-08-07
construction of bus-sheds or bus-stops|madurai(district collector madurai_ida),4396657.0,5,5,2026-05-05,2026-08-25
crematoriums/energy efficient crematoriums or structures on burial/cremation ground|chhatarpur(district collector chhatarpur_ida),249164.0,2,2,2026-05-18,2026-07-03
street lights|nizamabad(district collector nizamabad_ida),235000.0,2,2,2026-04-08,2026-06-18
construction of boundary walls of existing public and community buildings|surendranagar(district collector surendranagar_ida),391303.0,2,2,2026-07-20,2026-07-20
development of playground|ri bhoi(deputy commissioner ribhoi nongpoh_ida),150000.0,1,1,2026-05-06,2026-05-06
construction of community centers and community halls|barpeta(deputy commissioner barpeta 1),540000.0,1,1,2026-08-07,2026-08-07
providing drains and gutters for public drainage|shimla(deputy commissioner shimla_ida),300000.0,1,1,2026-04-09,2026-04-09
installing tube-wells and borewells|vadodara(district collector vadodara_ida),125000.0,1,1,2026-07-23,2026-07-23
construction of common work sheds/ common covered sitting area|anand(district collector anand_ida),1004521.0,4,4,2026-07-27,2026-08-27
"construction of roads, link roads, pathways or any other road with or without drainage system|y.s.r. kadapa(district collector cuddapah_ida)",7156735.0,18,13,2026-04-04,2026-08-27
construction of common work sheds/ common covered sitting area|giridih(deputy commissioner giridh_ida),300000.0,1,1,2026-07-02,2026-07-02
installing tube-wells and borewells|khandwa (east nimar)(district collector east nimar_ida),150000.0,1,1,2025-06-10,2025-06-10
construction of footpaths and pedestrian ways|mahisagar(collector mahisagar_ida),100000.0,1,1,2026-08-19,2026-08-19
construction of community centers and community halls|udupi(deputy commissioner udupi_ida),499975.0,1,1,2026-07-06,2026-07-06
construction of common work sheds/ common covered sitting area|malkangiri(district collector malkangiri_ida),300000.0,1,1,2026-08-07,2026-08-07
construction of common work sheds/ common covered sitting area|fatehabad(deputy commissioner fatehabad),225847.0,2,1,2026-05-08,2026-07-10
construction of buildings for crèches and anganwadies|visakhapatnam(district collector visakhapatnam_ida),1565904.0,3,3,2026-07-27,2026-08-15
installing tube-wells and borewells|bhiwani(dc cum nodal officer mplads bhiwani),405000.0,1,1,2026-07-27,2026-07-27
construction of rooms and halls in school and colleges|bengaluru urban(deputy commissioner bangalore urban_ida),5045104.0,2,2,2026-06-22,2026-07-02
street lights|marigaon(district development commissioner morigaon),104000.0,1,1,2026-08-26,2026-08-26
construction of buildings for community cultural activities|rupnagar(deputy commissioner roopnagar_ida),173920.0,1,1,2026-05-06,2026-05-06
"construction of roads, link roads, pathways or any other road with or without drainage system|tehri garhwal(district magistrate tehri garhwal_ida)",997800.0,1,1,2026-06-19,2026-06-19
"construction of roads, link roads, pathways or any other road with or without drainage system|nadia(district magistrate nadia_ida)",793627.0,2,1,2026-08-17,2026-08-17
"construction of roads, link roads, pathways or any other road with or without drainage system|bijapur(collector bijapur_ida)",771092.0,2,2,2026-06-17,2026-06-18
"construction of roads, link roads, pathways or any other road with or without drainage system|sivasagar(deputy commissioner sivsagar_ida)",289355.0,2,2,2026-05-21,2026-06-24
"construction of roads, link roads, pathways or any other road with or without drainage system|bareilly(district magistrae bareilly_ida)",930275.0,2,1,2026-07-02,2026-08-01
construction of community centers and community halls|jammu(deputy commissioner jammu_ida),2754400.0,3,2,2026-04-15,2026-07-18
construction of community centers and community halls|rupnagar(deputy commissioner roopnagar_ida),2136131.0,29,14,2026-05-04,2026-08-28
"construction of roads, link roads, pathways or any other road with or without drainage system|hingoli(district collector hingoli_ida)",4458356.0,2,1,2026-05-15,2026-08-07
"construction of roads, link roads, pathways or any other road with or without drainage system|kangra(deputy commissioner kangra_ida)",1855159.0,14,12,2026-04-08,2026-08-29
construction of public libraries and reading rooms|shahpura(district collector shahpura_ida),375718.0,1,1,2026-08-27,2026-08-27
construction of community centers and community halls|bemetara(collector bemetara_ida),200000.0,1,1,2025-07-15,2025-07-15
development of public parks|almora(district magistrate almora_ida),193369.0,20,20,2026-08-19,2026-08-24
construction of rooms and halls in school and colleges|narmadapuram(district collector narmadapuram_ida),25000.0,1,1,2026-01-22,2026-01-22
construction of rooms and halls in school and colleges|tiruchirappalli(district collector tiruchirappalli_ida),5567556.0,3,3,2026-07-31,2026-08-29
construction of public staircase/ stair ghat for public convenience|samastipur(district planning officer samastipur_ida),3894826.0,5,5,2026-05-05,2026-08-21
construction of common work sheds/ common covered sitting area|mungeli(collector mungeli_ida),499467.0,2,2,2026-08-19,2026-08-27
construction of community centers and community halls|tinsukia(dc tinsukia),1854097.0,4,4,2026-07-20,2026-08-28
"construction of roads, link roads, pathways or any other road with or without drainage system|sonipat(deputy commissioner sonepat_ida)",1537108.0,3,2,2026-06-25,2026-08-18
"construction of roads, link roads, pathways or any other road with or without drainage system|siwan(district planning officer siwan_ida)",796239.0,1,1,2026-08-21,2026-08-21
construction of community centers and community halls|virudhunagar(district collector virudhunagar_ida),8997565.0,3,2,2026-05-14,2026-06-24
lighting of public spaces|bidar(deputy commissioner bidar_ida),1125000.0,6,5,2026-07-15,2026-08-20
"construction of roads, link roads, pathways or any other road with or without drainage system|deoria(district magistrate deoria)",7542903.0,14,12,2026-02-16,2026-08-24
"construction of roads, link roads, pathways or any other road with or without drainage system|devbhumi dwarka(district collector devbhumi dwarka_ida)",1290394.0,3,3,2026-05-26,2026-07-15
"purchase of it systems, including hardware and software for educational purposes|udham singh nagar(district magistrate udhamsingh nagar_ida)",97500.0,1,1,2026-07-03,2026-07-03
construction of buildings for multi-gym|thiruvallur(district collector tiruvallur_ida),1999836.0,1,1,2026-08-07,2026-08-07
construction of common work sheds/ common covered sitting area|y.s.r. kadapa(district collector cuddapah_ida),497967.0,1,1,2026-08-29,2026-08-29
"construction of roads, link roads, pathways or any other road with or without drainage system|malda(district magistrate malda_ida)",1399456.0,1,1,2026-05-15,2026-05-15
construction of boundary walls of existing public and community buildings|bhilwara(district collector bhilwara_ida),157500.0,15,15,2026-04-13,2026-04-13
construction of rooms and halls in school and colleges|dibrugarh(deputy commissioner dibrugarh_ida),309579.0,1,1,2026-08-14,2026-08-14
construction of rooms and halls in school and colleges|bengaluru rural(deputy commissioner bangalore rural sbm urban),249559.0,1,1,2026-08-12,2026-08-12
development of playfields and sports grounds|kangra(deputy commissioner kangra_ida),385028.0,2,2,2026-07-06,2026-08-25
construction of culverts and bridges|vidisha(district collector vidisha_ida),375000.0,1,1,2026-04-08,2026-04-08
renovation of ponds and lakes|kurnool(district collector kurnool_ida),499988.0,1,1,2026-07-06,2026-07-06
"construction of roads, link roads, pathways or any other road with or without drainage system|ghaziabad(district magistrae ghaziabad_ida)",13351515.0,15,9,2026-05-02,2026-08-22
lighting of public spaces|dindigul(district collector dindigul_ida),1167295.0,2,2,2026-05-25,2026-08-14
construction of additional rooms and halls in the existing public and community building|sri muktsar sahib(deputy commissioner sri muktsar sahib_ida),56049.0,3,2,2026-07-19,2026-07-19
development of playground|churu(district collector churu_ida),955547.0,2,2,2026-05-04,2026-07-12
construction of boundary walls of existing public and community buildings|kondagaon(district collector kondagaon_ida),500000.0,1,1,2026-04-24,2026-04-24
construction of rooms and halls in school and colleges|ganjam(district collector ganjam_ida),600000.0,1,1,2026-07-20,2026-07-20
construction of bus-sheds or bus-stops|vellore(district collector vellore_ida),4398194.0,4,4,2026-05-14,2026-08-27
construction of culverts and bridges|sidhi(district collector sidhi_ida),999852.0,14,2,2026-04-24,2026-08-17
"purchase of prosthetics, wheel chairs, tricycles (manual or motorized), elect scooties, hearing aids|sirsa(deputy commissioner sirsa_ida)",319200.0,4,1,2026-07-13,2026-07-17
construction of bus-sheds or bus-stops|chengalpattu(district collector chengalpattu_ida),1998477.0,1,1,2026-06-24,2026-06-24
construction of community centers and community halls|bundi(district collector bundi_ida),1485942.0,6,2,2026-05-08,2026-08-06
construction of footpaths and pedestrian ways|kamle(deputy commisioner kamle_ida),2000000.0,1,1,2026-04-21,2026-04-21
purchase of books and periodicals for libraries/digitization of library books|munger(district planning officer munger_ida),2000000.0,20,1,2026-05-16,2026-05-17
street lights|chengalpattu(district collector chengalpattu_ida),798600.0,2,1,2026-06-15,2026-06-15
"construction of roads, link roads, pathways or any other road with or without drainage system|tinsukia(dc tinsukia)",1379698.0,3,2,2026-08-25,2026-08-26
construction of public toilets and bathrooms|patiala(deputy commissioner patiala_ida),57520.0,5,3,2026-08-19,2026-08-21
"construction of roads, link roads, pathways or any other road with or without drainage system|srinagar(deputy commissioner srinagar_ida)",41344.0,1,1,2025-12-30,2025-12-30
construction of boundary walls of existing public and community buildings|gwalior(district collector gwalior_ida),906753.0,2,1,2026-04-08,2026-05-11
"construction of roads, link roads, pathways or any other road with or without drainage system|faridkot(deputy commissioner faridkot_ida)",154755.0,4,3,2026-05-14,2026-06-19
"construction of government office buildings (post office, police station, police chauki, etc.)|tiruppur(district collector tiruppur_ida)",1489479.0,1,1,2026-06-23,2026-06-23
construction of community centers and community halls|erode(district_collectore_erode_ida),7511864.0,2,2,2026-05-21,2026-05-21
construction of public irrigation facilities|kangra(deputy commissioner kangra_ida),98713.0,1,1,2026-04-16,2026-04-16
crematoriums/energy efficient crematoriums or structures on burial/cremation ground|mahoba(district magistrae mahoba_ida),594713.0,1,1,2026-07-18,2026-07-18
installing community drinking water plants|kurukshetra(deputy commissioner kurukshetra_ida),48996.0,1,1,2026-05-12,2026-05-12
"construction of flood control embankments/ protection walls along riverbanks, hilltops, roadsides|dehradun(district magistrate dehradun_ida)",396419.0,2,1,2026-05-16,2026-07-03
"construction of roads, link roads, pathways or any other road with or without drainage system|sidhi(district collector sidhi_ida)",2980648.0,17,6,2026-06-23,2026-08-27
construction of boundary walls of existing public and community buildings|chitradurga(deputy commissioner chitradurga_ida),123954.0,1,1,2026-08-04,2026-08-04
purchase of non-conventional energy system and devices for community use|satna(district collector satna_ida),558925.0,2,1,2026-07-19,2026-07-19
"construction of community centers and community halls|sonitpur(deputy commissioner sonitpur, tezpur)",846818.0,3,3,2026-05-27,2026-08-28
construction of rooms and halls in school and colleges|alwar(district collector alwar_ida),1836768.0,3,3,2026-06-29,2026-08-26
renovation of ponds and lakes|jalandhar(deputy commissioner jalandhar_ida),200000.0,3,1,2026-08-27,2026-08-27
crematoriums/energy efficient crematoriums or structures on burial/cremation ground|niwari(district collector niwari_ida),519095.0,5,4,2026-07-10,2026-07-11
crematoriums/energy efficient crematoriums or structures on burial/cremation ground|pulwama(deputy commissioner pulwama_ida),229101.0,1,1,2026-07-10,2026-07-10
construction of building for veterinary aid centers|jamnagar(district collector jamnagar_ida),418982.0,1,1,2026-08-04,2026-08-04
development of public parks|puducherry(project director rda puducherry_ida),1519842.0,1,1,2026-08-04,2026-08-04
"construction of roads, link roads, pathways or any other road with or without drainage system|ahmedabad(district collector ahmadabad_ida)",2192516.0,8,8,2026-06-30,2026-08-07
construction of community centers and community halls|madurai(district collector madurai_ida),12959290.0,10,8,2026-05-25,2026-08-11
construction of public toilets and bathrooms|eluru(district collector eluru_ida),1286232.0,3,1,2026-05-02,2026-07-14
construction of common work sheds/ common covered sitting area|balotra(district collector balotra_ida),420004.0,1,1,2026-08-09,2026-08-09
construction of public toilets and bathrooms|baragada(district collector baragarh_ida),350000.0,2,2,2026-06-24,2026-07-03
"construction of roads, link roads, pathways or any other road with or without drainage system|pathanamthitta(district collector pathanamthitta_ida)",801857.0,2,2,2026-07-20,2026-08-01
construction of public staircase/ stair ghat for public convenience|darbhanga(district planning officer darbanga_ida),2087811.0,3,1,2026-07-13,2026-08-18
fitting of sitting rcc benches in public places|south(commissioner south),1293980.0,3,3,2026-05-14,2026-08-13
improvement of electricity distribution infrastructure|bikaner(district collector bikaner_ida),1298892.0,1,1,2026-07-09,2026-07-09
development of playfields and sports grounds|hoshiarpur(deputy commissioner hoshiarpur_ida),489663.0,11,9,2026-05-13,2026-08-21
"construction of roads, link roads, pathways or any other road with or without drainage system|sagar(district collector sagar_ida)",946320.0,5,1,2026-04-07,2026-07-30
street lights|ballia(district magistrae ballia_ida),216409.0,1,1,2025-08-06,2025-08-06
installing community drinking water plants|kota(district collector kota_ida),187705.0,1,1,2026-07-31,2026-07-31
"construction of roads, link roads, pathways or any other road with or without drainage system|hanumangarh(district collector hanumangarh_ida)",1080707.0,30,30,2026-04-14,2026-08-19
street lights|sangareddy(district collector sangareddy_ida),998998.0,10,1,2026-05-21,2026-05-21
"construction of roads, link roads, pathways or any other road with or without drainage system|panch mahals(district collector panchmahals_ida)",4000000.0,16,12,2026-04-20,2026-07-27
construction of water tanks|kachchh(district collector kutch_ida),500000.0,1,1,2026-04-09,2026-04-09
installing community drinking water plants|tirupati(district collector tirupati_ida),1134213.0,2,2,2026-08-07,2026-08-10
construction of stadiums|dr. b.r. ambedkar konaseema(district collector dr b r ambedkar konaseema_ida),494814.0,1,1,2026-04-08,2026-04-08
construction of veterinary hospitals and dispensaries|rohtak(deputy commissioner rohtak_ida),23600.0,1,1,2026-08-12,2026-08-12
providing drains and gutters for public drainage|vikarabad(district collector vikarabad_2),1281938.0,3,2,2026-05-04,2026-07-07
providing supply pipelines for drinking water|ntr(district collector ntr_ida),1642866.0,1,1,2026-06-18,2026-06-18
"purchase of it systems, including hardware and software for educational purposes|surguja(collector surguja_ida)",999900.0,2,1,2026-04-17,2026-08-21
construction of community centers and community halls|guntur(district collector guntur_ida),5511773.0,2,2,2026-07-09,2026-07-20
construction of buildings for multi-gym|kancheepuram(district collector kancheepuram_ida),344239.0,1,1,2026-07-17,2026-07-17
crematoriums/energy efficient crematoriums or structures on burial/cremation ground|hooghly(district magistrate hooghly_ida),450683.0,1,1,2026-08-07,2026-08-07
construction of common work sheds/ common covered sitting area|agar-malwa(district collector agar malwa_ida),750294.0,1,1,2026-05-29,2026-05-29
"construction of roads, link roads, pathways or any other road with or without drainage system|puducherry(project director rda puducherry_ida)",5554351.0,4,3,2026-05-15,2026-08-25
purchase of immovable sports equipment|amritsar(deputy commissioner amritsar_ida),100000.0,1,1,2026-05-06,2026-05-06
construction of community centers and community halls|gyalshing(district collector gyalshing_ida),498416.0,2,2,2026-04-06,2026-04-06
construction of footpaths and pedestrian ways|palghar(district collector palghar_ida),1993305.0,2,1,2026-06-18,2026-06-18
setting up of community effluent treatment plants|thiruvallur(district collector tiruvallur_ida),498401.0,1,1,2026-08-12,2026-08-12
construction of community centers and community halls|pune(district collector pune_ida),919303.0,1,1,2026-07-22,2026-07-22
construction of veterinary hospitals and dispensaries|kakinada(district collector kakinada_ida),1097173.0,1,1,2026-08-27,2026-08-27
construction of boundary walls of existing public and community buildings|tirupati(district collector tirupati_ida),483029.0,1,1,2026-04-28,2026-04-28
"construction of roads, link roads, pathways or any other road with or without drainage system|gautam buddha nagar(district magistrate gautambudhnagar)",6067318.0,7,5,2026-04-16,2026-08-24
construction of buildings for community cultural activities|davanagere(deputy commissioner dauanagere_ida),750000.0,1,1,2026-08-18,2026-08-18
providing cctv camera system for security of public areas|anand(district collector anand_ida),798801.0,1,1,2026-07-07,2026-07-07
construction of bus-sheds or bus-stops|mohla-manpur-ambagarh chouki(collector mmc_ida),420000.0,1,1,2026-08-06,2026-08-06
construction of community centers and community halls|raipur(district collector raipur_ida),1500000.0,2,2,2026-05-06,2026-08-07
"construction of roads, link roads, pathways or any other road with or without drainage system|thiruvarur(district collector thiruvarur_ida)",1527660.0,2,2,2026-05-25,2026-07-08
construction of public irrigation facilities|fazilka(deputy commissioner fazilka_ida),350000.0,3,2,2026-05-14,2026-06-17
construction of toilet blocks|west khasi hills(deputy commissioner west khasi hills nongstoin_ida),150000.0,1,1,2026-06-26,2026-06-26
"construction of roads, link roads, pathways or any other road with or without drainage system|ramanathapuram(district collector ramanathapuram_ida)",897485.0,1,1,2026-07-29,2026-07-29
construction of additional rooms and halls in the existing public and community building|jind(deputy commissioner jind),822874.0,22,2,2026-05-19,2026-05-21
construction of common work sheds/ common covered sitting area|samastipur(district planning officer samastipur_ida),495977.0,1,1,2026-08-29,2026-08-29
construction of buildings for community cultural activities|tiruchirappalli(district collector tiruchirappalli_ida),6123660.0,4,4,2026-08-07,2026-08-27
lighting of public spaces|anand(district collector anand_ida),99545.0,1,1,2026-04-02,2026-04-02
crematoriums/energy efficient crematoriums or structures on burial/cremation ground|jodhpur(district collector jodhpur ida),491827.0,1,1,2026-05-18,2026-05-18
development of public parks|chhatrapati sambhajinagar(district collector aurangabad_ida),922260.0,1,1,2026-07-07,2026-07-07
"construction of roads, link roads, pathways or any other road with or without drainage system|sri sathya sai(district collector sri sathya sai_ida)",998164.0,2,1,2026-08-06,2026-08-06
"construction of flood control embankments/ protection walls along riverbanks, hilltops, roadsides|srikakulam(district collector srikakulam_ida)",454338.0,1,1,2026-07-07,2026-07-07
"construction of roads, link roads, pathways or any other road with or without drainage system|patan(district collector patan_ida)",3247577.0,10,10,2026-05-06,2026-08-20
construction of rooms and halls in school and colleges|howrah(district magistrate howrah_ida),191289.0,1,1,2026-07-28,2026-07-28
"construction of flood control embankments/ protection walls along riverbanks, hilltops, roadsides|kollam(district collector kollam_ida)",1725397.0,2,2,2026-05-07,2026-07-09
installing tube-wells and borewells|medchal malkajgiri(district collector medchal malkajgiri_ida),3457646.0,10,5,2026-05-01,2026-08-19
"construction of roads, link roads, pathways or any other road with or without drainage system|west singhbhum(deputy commissioner west singhbhum_ida)",15529275.0,32,1,2026-04-13,2026-05-19
construction of rooms and halls in school and colleges|hyderabad(district collector hyderabad_ida),2218132.0,1,1,2026-07-20,2026-07-20
fitting of sitting rcc benches in public places|south east(commissioner mcd south east_ida),436028.0,1,1,2026-06-27,2026-06-27
improvement of electricity distribution infrastructure|kota(district collector kota_ida),870000.0,2,1,2026-06-16,2026-06-16
crematoriums/energy efficient crematoriums or structures on burial/cremation ground|banas kantha(district collector banas kantha_ida),800000.0,2,2,2026-04-04,2026-07-02
construction of culverts and bridges|surajpur(district collector surajpur_ida),249937.0,1,1,2026-04-29,2026-04-29
construction of veterinary hospitals and dispensaries|patiala(deputy commissioner patiala_ida),193327.0,13,8,2026-05-20,2026-07-09
development of playfields and sports grounds|surat(district collector surat_ida),1490050.0,2,2,2026-07-21,2026-07-21
"construction of roads, link roads, pathways or any other road with or without drainage system|murshidabad(district magistrate murshidabad_ida)",2592401.0,3,3,2026-06-15,2026-08-23
lighting of public spaces|dakshin dinajpur(district magistrate dinajpur dakshin_ida),4054172.0,8,1,2026-08-25,2026-08-26
providing supply pipelines for drinking water|bapatla(district collector bapatla_ida),898049.0,1,1,2026-06-23,2026-06-23
"construction of roads, link roads, pathways or any other road with or without drainage system|khawzawl(office of the deputy commissioner, khawzawl)",187500.0,1,1,2026-04-17,2026-04-17
purchase of ambulance to transport sick and injured animals|chandigarh(deputy commissioner zilla parishad chandigarh_ida),1565000.0,1,1,2026-05-18,2026-05-18
construction of rooms and halls in school and colleges|south 24 parganas(district magistrate south twenty four parganas_ida),3403537.0,3,3,2026-04-07,2026-07-07
installing hand pumps|gaya(district planning officer gaya_ida),149875.0,2,2,2026-08-27,2026-08-27
"construction of government office buildings (post office, police station, police chauki, etc.)|paschim medinipur(district magistrate paschim medinipur_ida)",1615346.0,1,1,2026-08-13,2026-08-13
construction of footpaths and pedestrian ways|nagpur(district collector nagpur_ida),944440.0,1,1,2026-08-24,2026-08-24
providing drains and gutters for public drainage|moga(deputy commissioner moga),401182.0,3,2,2026-05-18,2026-08-04
crematoriums/energy efficient crematoriums or structures on burial/cremation ground|ajmer(district collector ajmer_ida),207645.0,29,29,2026-08-13,2026-08-14
street lights|krishna(district collector krishna_ida),2480390.0,6,1,2026-06-24,2026-07-30
construction of rooms and halls in school and colleges|tiruvannamalai(district collector tiruvannamalai_ida),687693.0,1,1,2026-08-07,2026-08-07
construction of community centers and community halls|thiruvallur(district collector tiruvallur_ida),1891322.0,2,2,2026-08-25,2026-08-27
"construction of roads, link roads, pathways or any other road with or without drainage system|tiruppur(district collector tiruppur_ida)",300000.0,1,1,2026-06-18,2026-06-18
installing tube-wells and borewells|y.s.r. kadapa(district collector cuddapah_ida),589502.0,2,2,2026-06-20,2026-08-19
construction of additional rooms and halls in the existing public and community building|mansa(deputy commissioner mansa_ida),128711.0,7,5,2026-05-11,2026-08-26
purchase of books and periodicals for libraries/digitization of library books|s.a.s nagar(deputy commissioner sahibzada ajit singh nagar mohali_ida),100000.0,1,1,2026-06-11,2026-06-11
construction of community centers and community halls|churu(district collector churu_ida),673201.0,1,1,2026-08-10,2026-08-10
construction of common work sheds/ common covered sitting area|west singhbhum(deputy commissioner west singhbhum_ida),289050.0,1,1,2026-05-19,2026-05-19
construction of rooms and halls in school and colleges|araria(district planning officer araria_ida),1492019.0,1,1,2026-07-16,2026-07-16
development of public parks|north(commissioner mcd north_ida),304850.0,1,1,2026-05-19,2026-05-19
"construction of roads, link roads, pathways or any other road with or without drainage system|karbi anglong(deputy commissioner karbi anglong_ida)",96869.0,1,1,2026-08-27,2026-08-27
crematoriums/energy efficient crematoriums or structures on burial/cremation ground|kangra(deputy commissioner kangra_ida),197000.0,2,2,2025-09-20,2026-07-28
providing cctv camera system for security of public areas|sirohi(district collector sirohi_ida),195706.0,1,1,2026-08-17,2026-08-17
development of playfields and sports grounds|kakinada(district collector kakinada_ida),498819.0,1,1,2026-07-29,2026-07-29
construction of rainwater harvesting structures|surat(district collector surat_ida),1800000.0,9,9,2026-07-01,2026-07-02
providing drains and gutters for public drainage|deoghar(deputy commissioner deoghar_ida),150000.0,1,1,2026-07-13,2026-07-13
construction of community centers and community halls|nanded(district collector nanded_ida),5151573.0,4,4,2026-04-16,2026-07-13
"construction of boundary walls of existing public and community buildings|sribhumi(deputy commissioner , karimganj)",1857000.0,4,2,2026-08-06,2026-08-08
construction of additional rooms and halls in the existing public and community building|jalandhar(deputy commissioner jalandhar_ida),176919.0,1,1,2026-06-30,2026-06-30
"construction of roads, link roads, pathways or any other road with or without drainage system|gurdaspur(deputy commissioner gurdaspur_ida)",5303482.0,16,9,2026-05-14,2026-08-20
crematoriums/energy efficient crematoriums or structures on burial/cremation ground|vadodara(district collector vadodara_ida),1161635.0,3,3,2026-07-16,2026-08-17
"construction of roads, link roads, pathways or any other road with or without drainage system|ranipet(district collector, ranipet_2)",1058391.0,2,2,2026-06-24,2026-08-13
"construction of buildings for crèches and anganwadies|ranipet(district collector, ranipet_2)",1799989.0,1,1,2026-06-25,2026-06-25
construction of boundary walls of existing public and community buildings|sangrur(deputy commissioner sangrur_ida),64000.0,2,1,2026-08-07,2026-08-07
"installing community drinking water plants|east khasi hills(deputy commissioner, east khasi hills district)",150000.0,1,1,2026-08-26,2026-08-26
construction of buildings for community cultural activities|nagapattinam(district collector nagapattinam_4),1163556.0,1,1,2026-05-21,2026-05-21
"construction of roads, link roads, pathways or any other road with or without drainage system|raipur(district collector raipur_ida)",350000.0,1,1,2026-06-23,2026-06-23
construction of rooms and halls in school and colleges|west jaintia hills(deputy commissioner west jaintia hills jowai_ida),1300000.0,5,5,2026-04-09,2026-07-02
renovation of ponds and lakes|chhatarpur(district collector chhatarpur_ida),300000.0,1,1,2026-07-30,2026-07-30
construction of water tanks|bapatla(district collector bapatla_ida),361591.0,1,1,2026-08-18,2026-08-18
installation of fixed garden gym equipment|nashik(district collector nashik_ida),1978912.0,2,1,2026-08-07,2026-08-07
construction of additional rooms and halls in the existing public and community building|patiala(deputy commissioner patiala_ida),266148.0,2,2,2026-08-13,2026-08-13
construction of common work sheds/ common covered sitting area|kandhamala(district collector kandhamal_ida),200000.0,1,1,2026-07-29,2026-07-29
construction of additional rooms and halls in the existing public and community building|kamareddy(district collector kamareddy_ida),489213.0,1,1,2026-05-06,2026-05-06
providing supply pipelines for drinking water|kulgam(deputy commissioner kulgam_ida),1925000.0,1,1,2026-05-26,2026-05-26
lighting of public spaces|murshidabad(district magistrate murshidabad_ida),1397070.0,10,1,2026-08-22,2026-08-23
development of public parks|hoshiarpur(deputy commissioner hoshiarpur_ida),33000.0,2,2,2026-05-20,2026-05-20
providing supply pipelines for drinking water|eluru(district collector eluru_ida),235134.0,1,1,2026-07-25,2026-07-25
installing hand pumps|kaushambi(district magistrae kaushambi_ida),59156.0,2,1,2025-12-22,2025-12-22
development of playfields and sports grounds|dhubri(deputy commissioner dhubri_ida),249920.0,1,1,2026-06-22,2026-06-22
crematoriums/energy efficient crematoriums or structures on burial/cremation ground|chamba(deputy commissioner chamba_ida),120000.0,1,1,2026-04-07,2026-04-07
providing drains and gutters for public drainage|ludhiana(deputy commissioner ludhiana_ida),160162.0,2,2,2026-04-09,2026-04-17
construction of rainwater harvesting structures|vijayanagara(deputy commissioner vijayanagara_ida),1460785.0,2,1,2026-07-21,2026-08-28
construction of boundary walls of existing public and community buildings|hanumangarh(district collector hanumangarh_ida),1586339.0,17,15,2026-05-21,2026-08-23
crematoriums/energy efficient crematoriums or structures on burial/cremation ground|chikkamagaluru(deputy commissioner chikmagalur),375000.0,1,1,2026-08-20,2026-08-20
"construction of roads, link roads, pathways or any other road with or without drainage system|srikakulam(district collector srikakulam_ida)",3264935.0,3,3,2026-04-09,2026-07-30
construction of water tanks|raigad(district collector raigad_ida),750000.0,1,1,2026-06-22,2026-06-22
installing tube-wells and borewells|rajanna sircilla(district collector rajanna sircilla_ida),185939.0,1,1,2026-05-19,2026-05-19
lighting of public spaces|dharmapuri(district collector dharmapuri_ida),2865843.0,5,1,2026-06-16,2026-06-19
setting up public non-conventional energy plants|rae bareli(district magistrate rae bareli_ida),4634001.0,4,2,2026-08-07,2026-08-11
construction of footpaths and pedestrian ways|south andamans(implementing district authority(sa)),765456.0,1,1,2026-08-11,2026-08-11
construction of rooms and halls in school and colleges|sikar(district collector sikar_ida),430231.0,1,1,2026-06-22,2026-06-22
providing drains and gutters for public drainage|faridkot(deputy commissioner faridkot_ida),519050.0,2,2,2026-06-22,2026-06-26
construction of boundary walls of existing public and community buildings|ahilyanagar(district collector ahmednagar_ida),494686.0,1,1,2026-06-17,2026-06-17
lighting of public spaces|sikar(district collector sikar_ida),521023.0,1,1,2026-08-18,2026-08-18
construction of buildings for community cultural activities|vizianagaram(district collector vizianagaram_ida),470502.0,1,1,2026-08-06,2026-08-06
construction of public irrigation facilities|pulwama(deputy commissioner pulwama_ida),340600.0,1,1,2026-08-11,2026-08-11
construction of common work sheds/ common covered sitting area|dehradun(district magistrate dehradun_ida),499748.0,2,2,2026-06-24,2026-07-31
construction of buildings for community cultural activities|baragada(district collector baragarh_ida),245243.0,1,1,2026-06-13,2026-06-13
construction of community centers and community halls|bhopal(district collector bhopal_ida),2375470.0,3,3,2026-05-18,2026-08-24
construction of community centers and community halls|manendragarh-chirmiri-bharatpur(m c b)(collector mcb_ida),500000.0,1,1,2026-04-10,2026-04-10
construction of community centers and community halls|sundaragada(district collector sundargarh_ida),2339382.0,4,4,2026-06-18,2026-08-29
development of playground|chitradurga(deputy commissioner chitradurga_ida),1197490.0,4,4,2026-06-22,2026-07-18
construction of toilet blocks|kamareddy(district collector kamareddy_ida),649464.0,1,1,2026-05-12,2026-05-12
"construction of roads, link roads, pathways or any other road with or without drainage system|nagpur(district collector nagpur_ida)",11320604.0,11,8,2026-05-14,2026-08-21
construction of community centers and community halls|tiruvannamalai(district collector tiruvannamalai_ida),1997509.0,1,1,2026-06-22,2026-06-22
construction of public toilets and bathrooms|belagavi(deputy commissioner belgaum_ida),750000.0,1,1,2026-05-18,2026-05-18
purchase of hospital equipment|barnala(deputy commissioner barnala_ida),156900.0,1,1,2026-08-17,2026-08-17
setting up of laboratories|ballari(deputy commissioner bellary_ida),1125000.0,1,1,2026-08-24,2026-08-24
installing tube-wells and borewells|sindhudurg(district collector sindhudurg_ida),1999361.0,3,2,2026-04-09,2026-07-24
improvement of electricity distribution infrastructure|ratlam(district collector ratlam_ida),1672640.0,1,1,2026-08-17,2026-08-17
"construction of roads, link roads, pathways or any other road with or without drainage system|alappuzha(district collector alappuzha_ida)",2265696.0,3,3,2026-05-02,2026-07-16
construction of shelters for animals|mokokchung(deputy commissioner mokokchung_ida),250000.0,1,1,2026-07-22,2026-07-22
construction of shelters for animals|palwal(ceo drda mplads palwal),404931.0,1,1,2026-05-20,2026-05-20
"construction of flood control embankments/ protection walls along riverbanks, hilltops, roadsides|anantnag(deputy commissioner anantnag_ida)",178500.0,1,1,2026-05-12,2026-05-12
construction of community centers and community halls|yadadri bhuvanagiri(district collector yadadri bhuvanagiri_ida),1396380.0,3,2,2026-04-07,2026-05-30
installing community drinking water plants|khordha(district collector khordha_ida),1999000.0,20,2,2026-07-02,2026-08-13
development of public parks|gopalganj(district planning officer gopalganj_ida),396124.0,1,1,2026-08-03,2026-08-03
construction of buildings for community cultural activities|chhindwara(district collector chhindwara_ida),1160000.0,4,4,2026-04-21,2026-08-25
"construction of rooms and halls in school and colleges|sonitpur(deputy commissioner sonitpur, tezpur)",893736.0,4,3,2026-06-30,2026-08-28
construction of community centers and community halls|kabeerdham(district collector kabirdham),1326892.0,2,2,2026-07-22,2026-07-24
construction of public libraries and reading rooms|chandrapur(district collector chandrapur_ida),1457701.0,1,1,2026-06-18,2026-06-18
construction of bus-sheds or bus-stops|ramanathapuram(district collector ramanathapuram_ida),2940604.0,4,3,2026-06-29,2026-08-05
"construction of roads, link roads, pathways or any other road with or without drainage system|kanpur dehat(district magistrate kanpur dehat_ida)",1810137.0,4,3,2026-06-23,2026-07-28
construction of buildings for community cultural activities|damoh(district collector damoh_ida),1000000.0,1,1,2026-05-18,2026-05-18
"construction of roads, link roads, pathways or any other road with or without drainage system|hoshiarpur(deputy commissioner hoshiarpur_ida)",384935.0,11,7,2026-04-06,2026-08-15
construction of rooms and halls in school and colleges|jalore(district collector jalore_ida),999800.0,1,1,2026-07-17,2026-07-17
construction of buildings for multi-gym|rupnagar(deputy commissioner roopnagar_ida),129298.0,3,2,2026-05-19,2026-06-11
construction of community centers and community halls|the nilgiris(district collector nilgiris_ida),1499757.0,1,1,2026-05-27,2026-05-27
street lights|kancheepuram(district collector kancheepuram_ida),4436352.0,10,2,2026-05-18,2026-06-29
construction of community centers and community halls|ludhiana(deputy commissioner ludhiana_ida),50045.0,1,1,2026-06-25,2026-06-25
development of playfields and sports grounds|kalimpong(district magistrate kalimpong_ida),486235.0,1,1,2026-07-31,2026-07-31
"construction of roads, link roads, pathways or any other road with or without drainage system|hisar(deputy commissioner hissar_ida)",296849.0,1,1,2026-08-21,2026-08-21
construction of rooms and halls in school and colleges|kaithal(dc cum nodal officers mplads),262744.0,1,1,2026-05-22,2026-05-22
"patrolling vehicles to government institution for public conveniences, safety and security|hisar(deputy commissioner hissar_ida)",5900.0,1,1,2026-04-10,2026-04-10
construction of additional rooms and halls in the existing public and community building|ludhiana(deputy commissioner ludhiana_ida),366879.0,7,5,2026-08-03,2026-08-26
construction of common work sheds/ common covered sitting area|bemetara(collector bemetara_ida),660000.0,2,2,2026-07-28,2026-08-18
"construction of roads, link roads, pathways or any other road with or without drainage system|mahoba(district magistrae mahoba_ida)",690742.0,2,2,2026-03-12,2026-07-18
construction of common work sheds/ common covered sitting area|madurai(district collector madurai_ida),2566137.0,1,1,2026-07-15,2026-07-15
construction of common work sheds/ common covered sitting area|dhar(district collector dhar_ida),650000.0,2,2,2026-08-20,2026-08-27
"construction of roads, link roads, pathways or any other road with or without drainage system|bharatpur(district collector bharatpur_ida)",2418335.0,36,28,2026-07-06,2026-08-25
construction of additional rooms and halls in the existing public and community building|bilaspur(district collector bilaspur_ida),999061.0,1,1,2026-04-13,2026-04-13
installation of multi-gym equipment|s.a.s nagar(deputy commissioner sahibzada ajit singh nagar mohali_ida),300000.0,1,1,2026-07-15,2026-07-15
purchase of sports equipment|kozhikode(district collector kozhikode_ida),199917.0,4,3,2026-05-23,2026-05-23
construction of common work sheds/ common covered sitting area|rohtas(district planning officer rohtas_ida),599426.0,1,1,2026-08-19,2026-08-19
construction of additional rooms and halls in the existing public and community building|coimbatore(district collector coimbatore_ida),2000000.0,1,1,2026-05-21,2026-05-21
construction of community centers and community halls|jhajjar(deputy commissioner cum nodal officer mplads jhajjar),1166236.0,3,2,2026-07-01,2026-07-16
providing supply pipelines for drinking water|nandyal(district collector nandyal_ida),169280.0,1,1,2026-05-26,2026-05-26
"construction of flood control embankments/ protection walls along riverbanks, hilltops, roadsides|ganjam(district collector ganjam_ida)",300000.0,1,1,2026-06-17,2026-06-17
development of public parks|kanpur nagar(district magistrae kanpur nagar_ida),677750.0,1,1,2026-08-04,2026-08-04
street lights|sakti(collector sakti_ida),300000.0,1,1,2026-07-21,2026-07-21
retrofitting in essential lifeline buildings|mandi(deputy commissioner mandi_ida),60000.0,1,1,2026-08-24,2026-08-24
lighting of public spaces|cuddalore(district collector cuddalore_ida),898005.0,2,1,2026-05-27,2026-05-27
construction of community centers and community halls|khargone (west nimar)(district collector khargone_ida),150000.0,1,1,2026-04-24,2026-04-24
purchase of sports equipment|bundi(district collector bundi_ida),294000.0,1,1,2026-04-30,2026-04-30
construction of stadiums|s.a.s nagar(deputy commissioner sahibzada ajit singh nagar mohali_ida),156524.0,3,1,2026-08-24,2026-08-24
setting up public non-conventional energy plants|srikakulam(district collector srikakulam_ida),888865.0,1,1,2026-08-13,2026-08-13
security gates in streets/public place for safety purpose|pulwama(deputy commissioner pulwama_ida),840500.0,1,1,2026-07-06,2026-07-06
construction of community centers and community halls|raigad(district collector raigad_ida),2213485.0,3,3,2026-04-06,2026-08-03
"construction of roads, link roads, pathways or any other road with or without drainage system|jagatsinghapur(district collector jagatsinghpur_ida)",1000000.0,2,1,2026-05-21,2026-05-21
installation of multi-gym equipment|mahendragarh(deputy commissioner mahendragarh_ida),70525.0,1,1,2026-05-05,2026-05-05
"purchase of smart boards, visual display units and projectors|dungarpur(district collector dungarpur_ida)",487250.0,5,1,2026-05-24,2026-06-24
"construction of cycle tracks, cycle stand and segregated non-motorized vehicle (nmv) lanes|jammu(deputy commissioner jammu_ida)",317000.0,1,1,2026-05-07,2026-05-07
construction of public toilets and bathrooms|dr. b.r. ambedkar konaseema(district collector dr b r ambedkar konaseema_ida),490555.0,1,1,2026-04-08,2026-04-08
"construction of roads, link roads, pathways or any other road with or without drainage system|ambedkar nagar(district magistrate ambedkar nagar_ida)",4344318.0,6,4,2026-04-09,2026-08-13
installing hand pumps|aurangabad(district planning officer aurangabad_ida),149018.0,2,1,2026-08-20,2026-08-20
improvement of electricity distribution infrastructure|jhabua(district collector jhabua_ida),212267.0,1,1,2026-04-07,2026-04-07
construction of boundary walls of existing public and community buildings|gurdaspur(deputy commissioner gurdaspur_ida),110000.0,2,2,2026-05-15,2026-05-15
development of public parks|burhanpur(district collector burhanpur_ida),1000000.0,2,2,2026-05-29,2026-08-17
construction of night shelters for homeless|hoshiarpur(deputy commissioner hoshiarpur_ida),64000.0,3,2,2026-06-23,2026-08-08
installing community drinking water plants|kataka(district collector cuttack_ida),200000.0,1,1,2026-07-01,2026-07-01
construction of additional rooms and halls in the existing public and community building|dindori(district collector dindori_ida),1000000.0,2,1,2026-04-10,2026-04-10
crematoriums/energy efficient crematoriums or structures on burial/cremation ground|cuddalore(district collector cuddalore_ida),799833.0,1,1,2026-06-29,2026-06-29
construction of common work sheds/ common covered sitting area|durg(district collector durg_ida),1150000.0,3,3,2026-07-30,2026-08-18
installing community drinking water plants|chengalpattu(district collector chengalpattu_ida),1500000.0,1,1,2026-05-29,2026-05-29
development of public parks|puri(district collector puri_ida),500000.0,1,1,2026-08-04,2026-08-04
"construction of flood control embankments/ protection walls along riverbanks, hilltops, roadsides|vadodara(district collector vadodara_ida)",899884.0,2,2,2026-07-01,2026-07-23
construction of bus-sheds or bus-stops|srikakulam(district collector srikakulam_ida),836483.0,2,2,2026-05-12,2026-06-20
"construction of roads, link roads, pathways or any other road with or without drainage system|sindhudurg(district collector sindhudurg_ida)",799728.0,1,1,2026-07-29,2026-07-29
construction of boundary walls of existing public and community buildings|hanumakonda(district collector hanumakonda_ida),499000.0,1,1,2026-07-08,2026-07-08
construction of bus-sheds or bus-stops|pudukkottai(district collector pudukkottai_ida),597193.0,1,1,2026-08-28,2026-08-28
construction of buildings for community cultural activities|ramanathapuram(district collector ramanathapuram_ida),2128730.0,3,3,2026-06-16,2026-07-01
"construction of roads, link roads, pathways or any other road with or without drainage system|sri potti sriramulu nellore(district collector nellore_ida)",7744166.0,18,10,2026-04-10,2026-08-24
"construction of roads, link roads, pathways or any other road with or without drainage system|baghpat(district magistrate baghpat_ida)",975717.0,1,1,2026-05-20,2026-05-20
purchase of vans and buses for educational institutions|palakkad(district collector palakkad_ida),454634.0,5,5,2026-07-10,2026-07-13
installing tube-wells and borewells|nirmal(district collector nirmal_3),193484.0,2,1,2026-05-05,2026-05-05
construction of common work sheds/ common covered sitting area|mandya(deputy commissioner mandya_ida),125000.0,1,1,2026-04-29,2026-04-29
construction of buildings for community cultural activities|hooghly(district magistrate hooghly_ida),580536.0,1,1,2026-04-14,2026-04-14
"construction of government office buildings (post office, police station, police chauki, etc.)|thoothukkudi(district collector thoothukudi_ida)",2500000.0,2,2,2026-06-18,2026-07-22
construction of additional rooms and halls in the existing public and community building|biswanath(deputy commissioner biswanath_ida),449243.0,1,1,2026-08-27,2026-08-27
"construction of roads, link roads, pathways or any other road with or without drainage system|lalitpur(district magistrate lalitpur_ida)",1627015.0,9,4,2026-05-02,2026-05-21
construction of culverts and bridges|jamnagar(district collector jamnagar_ida),857689.0,2,2,2026-04-20,2026-06-19
security gates in streets/public place for safety purpose|yavatmal(district collector yavatmal_ida),491821.0,1,1,2026-05-07,2026-05-07
construction of platforms and passenger sheds at railway stations|anand(district collector anand_ida),100000.0,1,1,2026-04-09,2026-04-09
construction of culverts and bridges|deoghar(deputy commissioner deoghar_ida),987500.0,6,1,2026-07-02,2026-07-13
"construction of roads, link roads, pathways or any other road with or without drainage system|samastipur(district planning officer samastipur_ida)",5275517.0,7,6,2026-08-18,2026-08-28
"construction of roads, link roads, pathways or any other road with or without drainage system|south 24 parganas(district magistrate south twenty four parganas_ida)",349363.0,1,1,2026-08-12,2026-08-12
purchase of furniture and fixtures for educational purposes|sitamarhi(district planning officer sitamarhi_ida),4368000.0,1,1,2026-08-19,2026-08-19
providing drains and gutters for public drainage|jalna(district collector jalna_ida),1487715.0,1,1,2026-07-02,2026-07-02
"construction of roads, link roads, pathways or any other road with or without drainage system|chhindwara(district collector chhindwara_ida)",120000.0,1,1,2026-02-03,2026-02-03
construction of public libraries and reading rooms|yavatmal(district collector yavatmal_ida),976951.0,1,1,2026-04-08,2026-04-08
construction of common work sheds/ common covered sitting area|kurukshetra(deputy commissioner kurukshetra_ida),503375.0,1,1,2026-08-01,2026-08-01
construction of community centers and community halls|gurugram(dc cum nodal officer mplads_5),438500.0,1,1,2026-07-22,2026-07-22
construction of community centers and community halls|thanjavur(district collector thanjavur_ida),2221388.0,3,3,2026-04-15,2026-08-18
"construction of roads, link roads, pathways or any other road with or without drainage system|jalore(district collector jalore_ida)",270278.0,1,1,2026-06-30,2026-06-30
providing drains and gutters for public drainage|ahmedabad(district collector ahmadabad_ida),399949.0,1,1,2026-06-30,2026-06-30
"construction of roads, link roads, pathways or any other road with or without drainage system|mandi(deputy commissioner mandi_ida)",2875000.0,25,25,2026-07-29,2026-08-29
construction of public staircase/ stair ghat for public convenience|mayurbhanj(district collector mayurbhanj_ida),500000.0,1,1,2026-06-22,2026-06-22
development of playfields and sports grounds|mandi(deputy commissioner mandi_ida),80000.0,1,1,2026-08-24,2026-08-24
development of playfields and sports grounds|fatehgarh sahib(deputy commissioner fatehgarh sahib_ida),30376.0,1,1,2026-05-12,2026-05-12
lighting of public spaces|mainpuri(district magistrate mainpuri_ida),307280.0,20,1,2026-02-21,2026-02-21
installing hand pumps|nainital(district magistrate nainital_ida),14441.0,2,2,2026-08-03,2026-08-03
"construction of roads, link roads, pathways or any other road with or without drainage system|palwal(ceo drda mplads palwal)",986989.0,2,1,2026-07-30,2026-08-24
providing drains and gutters for public drainage|sitamarhi(district planning officer sitamarhi_ida),1291631.0,1,1,2026-05-13,2026-05-13
"construction of roads, link roads, pathways or any other road with or without drainage system|mayurbhanj(district collector mayurbhanj_ida)",4731500.0,10,8,2026-05-06,2026-08-10
providing drains and gutters for public drainage|annamayya(district collector annamayya_ida),183546.0,1,1,2026-07-08,2026-07-08
construction of rooms and halls in school and colleges|banas kantha(district collector banas kantha_ida),500000.0,1,1,2026-07-03,2026-07-03
construction of buildings for community cultural activities|gadag(deputy commsioner gadag_ida),125000.0,1,1,2026-08-21,2026-08-21
construction of culverts and bridges|anuppur(district collector anuppur_ida),2700000.0,3,3,2026-05-22,2026-06-17
construction of footpaths and pedestrian ways|bageshwar(district magistrate bageshwar_ida),195722.0,23,22,2026-08-11,2026-08-24
construction of boundary walls of existing public and community buildings|jamnagar(district collector jamnagar_ida),189460.0,1,1,2026-08-11,2026-08-11
installation of multi-gym equipment|bathinda(deputy commissioner bhatinda_ida),104195.0,1,1,2026-06-22,2026-06-22
purchase of hospital equipment|kaithal(dc cum nodal officers mplads),497000.0,1,1,2026-06-24,2026-06-24
construction of community centers and community halls|darjeeling(district magistrate darjeeling_ida),497351.0,1,1,2026-07-26,2026-07-26
crematoriums/energy efficient crematoriums or structures on burial/cremation ground|seoni(district collector seoni_ida),600000.0,2,2,2026-05-21,2026-08-06
installing community drinking water plants|adilabad(district collector adilabad_ida),800000.0,2,1,2026-05-19,2026-05-19
"purchase of it systems, including hardware and software for educational purposes|koppal(deputy commissioner koppal_ida)",1740000.0,6,2,2026-04-17,2026-07-28
"construction of roads, link roads, pathways or any other road with or without drainage system|dausa(district collector dausa_ida)",359000.0,1,1,2026-08-04,2026-08-04
street lights|mahesana(district collector mahesana_ida),169990.0,2,2,2026-05-22,2026-06-24
"construction of roads, link roads, pathways or any other road with or without drainage system|balaghat(district collector balaghat_ida)",785719.0,5,2,2026-05-11,2026-06-23
construction of community centers and community halls|durg(district collector durg_ida),200000.0,1,1,2026-08-06,2026-08-06
"construction of roads, link roads, pathways or any other road with or without drainage system|latur(district collector latur_ida)",6237881.0,7,7,2026-04-13,2026-08-22
construction of community centers and community halls|mysuru(deputy commissioner mysore_ida),300000.0,1,1,2026-08-17,2026-08-17
construction of culverts and bridges|chittoor(district collector chittoor_ida),311784.0,1,1,2026-06-24,2026-06-24
construction of community centers and community halls|prakasam(district collector prakasam_ida),1199137.0,1,1,2026-07-31,2026-07-31
construction of shelters for animals|barnala(deputy commissioner barnala_ida),414750.0,9,2,2026-08-25,2026-08-25
"construction of roads, link roads, pathways or any other road with or without drainage system|ayodhya(district magistrae faizabad_ida)",2988629.0,4,2,2026-06-25,2026-07-16
"construction of roads, link roads, pathways or any other road with or without drainage system|chandrapur(district collector chandrapur_ida)",6163925.0,5,5,2026-06-19,2026-08-07
setting up of laboratories|chittoor(district collector chittoor_ida),971970.0,1,1,2026-06-23,2026-06-23
construction of rooms and halls in school and colleges|didwana-kuchaman(district collector didwana kuchaman_ida),3900254.0,6,5,2026-05-14,2026-08-26
lighting of public spaces|ganganagar(zilla ganganagar),130322.0,1,1,2026-06-12,2026-06-12
setting up public non-conventional energy plants|karimnagar(district collector karimnagar_ida),701440.0,1,1,2026-06-29,2026-06-29
"construction of roads, link roads, pathways or any other road with or without drainage system|sehore(district collector sehore_ida)",490000.0,2,1,2026-05-14,2026-07-01
"construction of roads, link roads, pathways or any other road with or without drainage system|kamrup metro(deputy commissioner kamrup metropolitan_ida)",600000.0,1,1,2026-07-02,2026-07-02
construction of buildings for crèches and anganwadies|baragada(district collector baragarh_ida),900000.0,2,1,2026-05-13,2026-05-13
street lights|nashik(district collector nashik_ida),2478383.0,3,2,2026-07-04,2026-07-07
construction of public libraries and reading rooms|tiruppur(district collector tiruppur_ida),640000.0,1,1,2026-06-19,2026-06-19
construction of community centers and community halls|nainital(district magistrate nainital_ida),1742762.0,67,43,2026-05-21,2026-08-23
crematoriums/energy efficient crematoriums or structures on burial/cremation ground|s.a.s nagar(deputy commissioner sahibzada ajit singh nagar mohali_ida),754868.0,20,9,2026-06-15,2026-08-26
construction of community centers and community halls|sri potti sriramulu nellore(district collector nellore_ida),1347077.0,1,1,2026-05-04,2026-05-04
construction of additional rooms and halls in the existing public and community building|bhadrak(district collector bhadrak_ida),415577.0,1,1,2026-07-23,2026-07-23
"construction of flood control embankments/ protection walls along riverbanks, hilltops, roadsides|kathua(district development commissioner kathua_ida)",202000.0,1,1,2026-08-21,2026-08-21
construction of buildings for crèches and anganwadies|sivaganga(district collector sivaganga_ida),1200000.0,1,1,2026-07-13,2026-07-13
construction of common work sheds/ common covered sitting area|sangrur(deputy commissioner sangrur_ida),393012.0,10,6,2026-06-24,2026-08-25
installing community drinking water plants|south(commissioner south),426013.0,1,1,2026-08-10,2026-08-10
construction of culverts and bridges|damoh(district collector damoh_ida),1300000.0,2,2,2026-08-10,2026-08-13
street lights|surguja(collector surguja_ida),1244720.0,5,1,2026-03-24,2026-04-17
development of playfields and sports grounds|chennai(commissioner muncipal corporation chennai_ida),4909657.0,1,1,2026-08-28,2026-08-28
"purchase of books and periodicals for libraries/digitization of library books|east khasi hills(deputy commissioner, east khasi hills district)",250000.0,1,1,2026-04-14,2026-04-14
"construction of roads, link roads, pathways or any other road with or without drainage system|thane(district collector thane_ida)",9791968.0,11,9,2026-04-09,2026-08-25
construction of community centers and community halls|karimnagar(district collector karimnagar_ida),786806.0,2,2,2026-06-27,2026-08-14
construction of buildings for community cultural activities|jagatsinghapur(district collector jagatsinghpur_ida),441296.0,2,2,2026-05-29,2026-05-29
providing supply pipelines for drinking water|ananthapuramu(district collector anantapur_ida),998915.0,2,2,2026-08-01,2026-08-06
providing drains and gutters for public drainage|jhunjhunu(district collector jhunjhunu_ida),2380798.0,8,7,2026-04-10,2026-08-27
purchase of non-conventional energy system and devices for community use|haridwar(district magistrate haridwar_ida),1982860.0,2,1,2026-07-09,2026-07-13
construction of culverts and bridges|thiruvananthapuram(district collector thiruvananthapuram_ida),2529589.0,3,3,2026-05-05,2026-08-06
construction of boundary walls of existing public and community buildings|ajmer(district collector ajmer_ida),251014.0,1,1,2026-05-21,2026-05-21
construction of rooms and halls in school and colleges|tehri garhwal(district magistrate tehri garhwal_ida),250000.0,1,1,2026-05-16,2026-05-16
"construction of roads, link roads, pathways or any other road with or without drainage system|sonbhadra(district magistrate sonbhadra_ida)",737146.0,2,1,2026-07-02,2026-08-05
setting up crops conservation facilities|kinnaur(deputy commissioner kinnaur_ida),77275.0,1,1,2026-08-25,2026-08-25
"construction of rooms and facilities for hospitals, fwc , phc centers and anm centers|unnao(district magiistrate unnao_ida)",1077000.0,7,2,2026-07-03,2026-07-03
construction of community centers and community halls|jalandhar(deputy commissioner jalandhar_ida),190686.0,4,4,2026-04-15,2026-08-13
construction of buildings for community cultural activities|giridih(deputy commissioner giridh_ida),498197.0,1,1,2026-07-06,2026-07-06
"purchase of prosthetics, wheel chairs, tricycles (manual or motorized), elect scooties, hearing aids|kannur(district collector kannur_ida)",2970000.0,26,1,2026-08-19,2026-08-19
"construction of roads, link roads, pathways or any other road with or without drainage system|tirupati(district collector tirupati_ida)",2918537.0,6,5,2026-04-07,2026-08-09
construction of public toilets and bathrooms|bilaspur(district collector bilaspur_ida),410242.0,1,1,2026-07-09,2026-07-09
"construction of rooms and facilities for hospitals, fwc , phc centers and anm centers|chumoukedima(deputy commissioner chumoukedima_ida)",500000.0,1,1,2026-08-01,2026-08-01
construction of bus-sheds or bus-stops|sangrur(deputy commissioner sangrur_ida),65980.0,4,4,2026-06-24,2026-06-24
"construction of roads, link roads, pathways or any other road with or without drainage system|tumakuru(deputy commissioner tumkur_ida)",1231761.0,3,3,2026-07-17,2026-08-10
construction of stadiums|patiala(deputy commissioner patiala_ida),202444.0,6,5,2026-06-23,2026-07-16
construction of additional rooms and halls in the existing public and community building|annamayya(district collector annamayya_ida),999930.0,2,1,2026-07-14,2026-07-14
construction of common work sheds/ common covered sitting area|mahesana(district collector mahesana_ida),450000.0,1,1,2026-06-22,2026-06-22
providing cctv camera system for security of public areas|amritsar(deputy commissioner amritsar_ida),2485940.0,5,1,2026-05-21,2026-07-15
providing supply pipelines for drinking water|jalandhar(deputy commissioner jalandhar_ida),182959.0,1,1,2026-08-04,2026-08-04
construction of common work sheds/ common covered sitting area|rohtak(deputy commissioner rohtak_ida),1230450.0,1,1,2026-08-18,2026-08-18
construction of rooms and halls in school and colleges|siddharthnagar(district magistrate siddharth nagar_ida),1905000.0,10,5,2026-05-05,2026-08-19
construction of rooms and halls in school and colleges|mandya(deputy commissioner mandya_ida),500000.0,2,1,2026-08-04,2026-08-19
construction of rooms and halls in school and colleges|hardoi(district magistrate hardoi_ida),642345.0,4,4,2026-05-14,2026-08-07
"construction of cycle tracks, cycle stand and segregated non-motorized vehicle (nmv) lanes|purba bardhaman(district magistrate purba bardhaman_ida)",479310.0,1,1,2026-08-21,2026-08-21
"providing sports equipment, except consumable items|north(commissioner mcd north_ida)",1332941.0,2,1,2026-05-19,2026-05-19
providing cctv camera system for security of public areas|nashik(district collector nashik_ida),2499500.0,5,1,2026-07-07,2026-07-07
lighting of public spaces|anakapalli(district collector anakapalli_ida),599342.0,4,1,2026-05-01,2026-05-01
construction of public irrigation facilities|nandyal(district collector nandyal_ida),300000.0,1,1,2026-08-25,2026-08-25
construction of community centers and community halls|mahabubnagar(district collector mahabubnagar_3),698391.0,1,1,2026-07-18,2026-07-18
installing community drinking water plants|kottayam(district collector kottayam_ida),199996.0,1,1,2026-06-30,2026-06-30
construction of platforms and passenger sheds at railway stations|hazaribagh(deputy commissioner hazaribagh_ida),199862.0,1,1,2026-06-22,2026-06-22
lighting of public spaces|kanpur nagar(district magistrae kanpur nagar_ida),39693440.0,9,2,2026-04-15,2026-06-25
street lights|thane(district collector thane_ida),997372.0,2,1,2026-07-02,2026-07-02
providing drains and gutters for public drainage|guntur(district collector guntur_ida),844562.0,1,1,2026-08-24,2026-08-24
"purchase of it systems, including hardware and software for educational purposes|puri(district collector puri_ida)",5280000.0,8,1,2026-06-26,2026-07-01
construction of bus-sheds or bus-stops|davanagere(deputy commissioner dauanagere_ida),375000.0,1,1,2026-08-18,2026-08-18
construction of boundary walls of existing public and community buildings|ludhiana(deputy commissioner ludhiana_ida),616440.0,3,3,2026-06-24,2026-07-26
setting up public non-conventional energy plants|amravati(district collector amravati_ida),784170.0,1,1,2026-06-18,2026-06-18
"purchase of it systems, including hardware and software for educational purposes|sundaragada(district collector sundargarh_ida)",4800000.0,20,2,2026-08-25,2026-08-25
providing drains and gutters for public drainage|porbandar(district collector porbandar_ida),294228.0,1,1,2026-08-21,2026-08-21
"construction of roads, link roads, pathways or any other road with or without drainage system|baleshwar(district collector baleshwar_ida)",3300000.0,6,4,2026-05-12,2026-08-25
construction of bus-sheds or bus-stops|sri potti sriramulu nellore(district collector nellore_ida),499887.0,1,1,2026-07-27,2026-07-27
construction of buildings for crèches and anganwadies|tirunelveli(district collector tirunelveli_ida),1599925.0,1,1,2026-08-06,2026-08-06
construction of additional rooms and halls in the existing public and community building|kangra(deputy commissioner kangra_ida),250000.0,1,1,2026-05-04,2026-05-04
street lights|didwana-kuchaman(district collector didwana kuchaman_ida),499800.0,1,1,2026-04-05,2026-04-05
crematoriums/energy efficient crematoriums or structures on burial/cremation ground|giridih(deputy commissioner giridh_ida),600000.0,2,1,2026-06-19,2026-07-17
construction of community centers and community halls|chitradurga(deputy commissioner chitradurga_ida),375000.0,1,1,2026-07-09,2026-07-09
construction of footpaths and pedestrian ways|jalandhar(deputy commissioner jalandhar_ida),114700.0,1,1,2026-08-28,2026-08-28
"construction of community centers and community halls|majuli(district commissioner, majuli)",146750.0,1,1,2025-12-30,2025-12-30
providing drains and gutters for public drainage|rajkot(district collector rajkot_ida),1836221.0,3,3,2026-05-26,2026-08-05
construction of buildings for community cultural activities|kendujhar(district collector keonjhar_ida),5939.0,1,1,2026-05-30,2026-05-30
construction of bus-sheds or bus-stops|thanjavur(district collector thanjavur_ida),3063611.0,3,3,2026-04-08,2026-08-03
construction of community centers and community halls|chittoor(district collector chittoor_ida),2515979.0,4,4,2026-04-06,2026-07-20
"construction of footpaths and pedestrian ways|ranipet(district collector, ranipet_2)",700000.0,1,1,2026-06-24,2026-06-24
lighting of public spaces|siwan(district planning officer siwan_ida),6737500.0,7,1,2026-08-20,2026-08-20
setting up public non-conventional energy plants|dindigul(district collector dindigul_ida),1734000.0,3,1,2026-04-16,2026-04-16
construction of community centers and community halls|biswanath(deputy commissioner biswanath_ida),2082723.0,6,4,2026-07-29,2026-08-29
"construction of flood control embankments/ protection walls along riverbanks, hilltops, roadsides|junagadh(district collector junagadh_ida)",300000.0,1,1,2026-06-23,2026-06-23
construction of rooms and halls in school and colleges|nainital(district magistrate nainital_ida),109557.0,9,9,2026-07-20,2026-07-20
construction of community centers and community halls|bhadrak(district collector bhadrak_ida),2501730.0,7,7,2026-05-02,2026-08-12
purchase of books and periodicals for libraries/digitization of library books|rajsamand(district collector rajsamand_ida),4000000.0,1,1,2026-08-20,2026-08-20
"construction of roads, link roads, pathways or any other road with or without drainage system|nandyal(district collector nandyal_ida)",3972726.0,8,3,2026-05-25,2026-08-07
construction of community centers and community halls|gaurela-pendra-marwahi(collector gpm_ida),439960.0,2,2,2026-04-07,2026-08-11
purchase of hospital equipment|tiruvannamalai(district collector tiruvannamalai_ida),29998.0,1,1,2026-07-06,2026-07-06
construction of community centers and community halls|goalpara(deputy commissioner goalpara_ida),720000.0,2,2,2026-06-24,2026-07-07
providing drains and gutters for public drainage|koppal(deputy commissioner koppal_ida),375000.0,1,1,2026-07-14,2026-07-14
construction of buildings for community cultural activities|puri(district collector puri_ida),600000.0,1,1,2026-07-01,2026-07-01
construction of building for artificial insemination and breeding centers|sabar kantha(district collector sabarkantha_ida),500000.0,1,1,2026-08-25,2026-08-25
"construction of roads, link roads, pathways or any other road with or without drainage system|krishnagiri(district collector krishnagiri_ida)",2307793.0,3,2,2026-06-25,2026-08-28
development of playfields and sports grounds|amravati(district collector amravati_ida),787513.0,1,1,2026-05-18,2026-05-18
installation/ construction of anti-pollution structure|jind(deputy commissioner jind),286497.0,15,15,2026-07-25,2026-07-25
"construction of roads, link roads, pathways or any other road with or without drainage system|bagalkote(deputy commissioner bagalkot_ida)",999999.0,2,1,2026-06-23,2026-07-31
street lights|nayagada(district collector nayagarh_ida),861300.0,3,1,2026-08-14,2026-08-21
lighting of public spaces|mayiladuthurai(district collector mayiladuthurai_ida),900000.0,1,1,2026-08-24,2026-08-24
construction of public toilets and bathrooms|salem(district collector salem_ida),1967994.0,1,1,2026-08-13,2026-08-13
"construction of roads, link roads, pathways or any other road with or without drainage system|rajnandgaon(district collector rajnandgaon_ida)",625000.0,3,2,2026-05-15,2026-08-19
construction of bus-sheds or bus-stops|namakkal(district collector namakkal_ida),649675.0,1,1,2026-08-18,2026-08-18
construction of bus-sheds or bus-stops|sangareddy(district collector sangareddy_ida),1952307.0,2,1,2026-06-16,2026-06-17
providing supply pipelines for drinking water|kheda(district collector kheda_ida),249332.0,1,1,2026-08-17,2026-08-17
"construction of roads, link roads, pathways or any other road with or without drainage system|bharuch(district collector broach_ida)",1947677.0,7,7,2026-04-11,2026-08-20
installing hand pumps|kathua(district development commissioner kathua_ida),847509.0,2,1,2026-08-10,2026-08-10
crematoriums/energy efficient crematoriums or structures on burial/cremation ground|satara(district collector satara_ida),995310.0,1,1,2026-06-29,2026-06-29
street lights|tirupati(district collector tirupati_ida),3217694.0,23,2,2026-05-05,2026-08-05
construction of stadiums|mahabubabad(district collector mahabubabad_ida),1964986.0,1,1,2026-08-05,2026-08-05
construction of rooms and halls in school and colleges|vijayapura(deputy commissioner bijapur_ida),564750.0,2,2,2026-08-27,2026-08-27
installing tube-wells and borewells|korba(collector-korba),1671305.0,13,2,2026-07-09,2026-08-10
construction of community centers and community halls|west jaintia hills(deputy commissioner west jaintia hills jowai_ida),250000.0,1,1,2026-08-20,2026-08-20
construction of rooms and halls in school and colleges|bharuch(district collector broach_ida),3130066.0,1,1,2026-07-10,2026-07-10
renovation of ponds and lakes|korba(collector-korba),148974.0,1,1,2026-06-16,2026-06-16
providing drains and gutters for public drainage|vizianagaram(district collector vizianagaram_ida),688799.0,3,3,2026-05-04,2026-08-14
"construction of roads, link roads, pathways or any other road with or without drainage system|kolar(deputy commissioner kolar_ida)",48709.0,1,1,2026-07-10,2026-07-10
development of public parks|mumbai suburban(district collector mumbai suburban_ida),2397497.0,1,1,2026-07-01,2026-07-01
"providing sports equipment, except consumable items|central(commissioner mcd (central district))",690758.0,1,1,2026-05-21,2026-05-21
"construction of roads, link roads, pathways or any other road with or without drainage system|kolkata(commissioner kolkata municipal corporation_ida)",1799458.0,2,2,2026-07-27,2026-08-24
"setting up processing plants, cold storages,etc for fish and fisheries products for community use|wokha(deputy commissioner wokha_ida)",6000000.0,2,1,2026-07-30,2026-08-18
security gates in streets/public place for safety purpose|nainital(district magistrate nainital_ida),886669.0,50,50,2026-05-12,2026-08-07
purchase of mobile water tankers|sirsa(deputy commissioner sirsa_ida),3149996.0,18,1,2026-08-03,2026-08-03
installing tube-wells and borewells|tumakuru(deputy commissioner tumkur_ida),375000.0,1,1,2026-07-27,2026-07-27
construction of common work sheds/ common covered sitting area|ganganagar(zilla ganganagar),472019.0,1,1,2026-08-17,2026-08-17
construction of common work sheds/ common covered sitting area|mahoba(district magistrae mahoba_ida),5234512.0,14,1,2026-03-12,2026-07-17
construction of community centers and community halls|eluru(district collector eluru_ida),1947249.0,1,1,2026-08-01,2026-08-01
construction of boundary walls of existing public and community buildings|kabeerdham(district collector kabirdham),250000.0,2,2,2026-06-26,2026-08-04
construction of footpaths and pedestrian ways|ri bhoi(deputy commissioner ribhoi nongpoh_ida),150000.0,1,1,2026-05-08,2026-05-08
construction of common work sheds/ common covered sitting area|surat(district collector surat_ida),499999.0,1,1,2026-04-07,2026-04-07
"construction of roads, link roads, pathways or any other road with or without drainage system|annamayya(district collector annamayya_ida)",4555850.0,12,10,2026-04-03,2026-07-29
"construction of roads, link roads, pathways or any other road with or without drainage system|mainpuri(district magistrate mainpuri_ida)",1696106.0,4,2,2026-05-07,2026-08-29
"construction of roads, link roads, pathways or any other road with or without drainage system|karauli(district collector karauli_ida)",187428.0,33,33,2026-04-09,2026-07-14
"construction of roads, link roads, pathways or any other road with or without drainage system|jammu(deputy commissioner jammu_ida)",556700.0,3,3,2026-04-22,2026-05-09
lighting of public spaces|wardha(district collector wardha_ida),398363.0,1,1,2026-08-20,2026-08-20
installing tube-wells and borewells|srikakulam(district collector srikakulam_ida),518301.0,3,3,2026-07-11,2026-08-05
installing hand pumps|mahabubabad(district collector mahabubabad_ida),169005.0,1,1,2026-08-13,2026-08-13
"construction of roads, link roads, pathways or any other road with or without drainage system|vadodara(district collector vadodara_ida)",13797344.0,36,28,2026-06-19,2026-08-21
construction of rooms and halls in school and colleges|sultanpur(district magistrate sultanpur_ida),600000.0,1,1,2026-08-24,2026-08-24
"construction of roads, link roads, pathways or any other road with or without drainage system|mumbai(district collector mumbai city_ida)",7792570.0,4,3,2026-05-20,2026-08-17
installing tube-wells and borewells|manendragarh-chirmiri-bharatpur(m c b)(collector mcb_ida),200000.0,2,1,2026-05-06,2026-05-06
"construction of roads, link roads, pathways or any other road with or without drainage system|kandhamala(district collector kandhamal_ida)",1000000.0,1,1,2026-05-22,2026-05-22
"construction of roads, link roads, pathways or any other road with or without drainage system|bemetara(collector bemetara_ida)",2904735.0,8,8,2026-08-06,2026-08-18
construction of toilet blocks|kataka(district collector cuttack_ida),395600.0,1,1,2026-05-11,2026-05-11
construction of boundary walls of existing public and community buildings|karbi anglong(deputy commissioner karbi anglong_ida),77000.0,1,1,2026-07-16,2026-07-16
construction of community centers and community halls|mahoba(district magistrae mahoba_ida),599794.0,1,1,2026-05-19,2026-05-19
construction of rooms and halls in school and colleges|dhubri(deputy commissioner dhubri_ida),199986.0,2,1,2026-08-25,2026-08-25
"construction of roads, link roads, pathways or any other road with or without drainage system|nizamabad(district collector nizamabad_ida)",470427.0,1,1,2026-05-25,2026-05-25
"construction of roads, link roads, pathways or any other road with or without drainage system|ranchi(deputy commissioner ranchi_ida)",542700.0,5,1,2026-05-30,2026-08-28
"construction of roads, link roads, pathways or any other road with or without drainage system|sundaragada(district collector sundargarh_ida)",600000.0,1,1,2026-05-12,2026-05-12
setting up of laboratories|yavatmal(district collector yavatmal_ida),699650.0,1,1,2026-07-08,2026-07-08
construction of culverts and bridges|sehore(district collector sehore_ida),625000.0,1,1,2026-05-19,2026-05-19
construction of common work sheds/ common covered sitting area|banas kantha(district collector banas kantha_ida),2109034.0,5,5,2026-04-04,2026-07-21
construction of buildings for community cultural activities|biswanath(deputy commissioner biswanath_ida),201970.0,1,1,2026-08-29,2026-08-29
construction of footpaths and pedestrian ways|thiruvananthapuram(district collector thiruvananthapuram_ida),785168.0,2,2,2026-07-04,2026-07-24
construction of water tanks|cuddalore(district collector cuddalore_ida),1899126.0,1,1,2026-07-28,2026-07-28
construction of public libraries and reading rooms|gadchiroli(district collector gadchiroli_ida),926097.0,1,1,2026-08-05,2026-08-05
development of public parks|bapatla(district collector bapatla_ida),485193.0,1,1,2026-04-16,2026-04-16
construction of public libraries and reading rooms|mandsaur(district collector mandsaur_ida),500000.0,1,1,2026-05-19,2026-05-19
crematoriums/energy efficient crematoriums or structures on burial/cremation ground|mumbai suburban(district collector mumbai suburban_ida),2498103.0,1,1,2026-08-03,2026-08-03
lighting of public spaces|sambhal(district magistrae bhimnagar sambhal_ida),5408544.0,62,2,2026-08-14,2026-08-22
street lights|cooch behar(district magistrate coochbehar_ida),4410180.0,6,1,2026-08-14,2026-08-14
development of playground|banda(district magistrate banda_ida),397849.0,2,2,2026-06-10,2026-06-15
construction of community centers and community halls|katni(district collector katni_ida),350000.0,1,1,2026-08-27,2026-08-27
construction of additional rooms and halls in the existing public and community building|sangareddy(district collector sangareddy_ida),500000.0,1,1,2026-08-11,2026-08-11
construction of community centers and community halls|bikaner(district collector bikaner_ida),1310118.0,2,2,2026-05-15,2026-07-08
purchase of furniture and fixtures for educational purposes|krishnagiri(district collector krishnagiri_ida),2376000.0,4,1,2026-08-17,2026-08-17
construction of rooms and halls in school and colleges|hassan(deputy commissioner hassan_ida),231386.0,2,2,2026-07-20,2026-08-18
construction of toilet blocks|ratnagiri(district collector ratnagiri_ida),150000.0,1,1,2026-05-04,2026-05-04
"construction of roads, link roads, pathways or any other road with or without drainage system|nashik(district collector nashik_ida)",7120159.0,8,7,2026-07-10,2026-08-27
construction of buildings for crèches and anganwadies|tenkasi(district collector tenkasi_ida),1200000.0,1,1,2026-06-22,2026-06-22
construction of bus-sheds or bus-stops|palakkad(district collector palakkad_ida),499817.0,1,1,2026-08-20,2026-08-20
construction of community centers and community halls|dhule(district collector dhule_ida),987617.0,1,1,2026-08-27,2026-08-27
construction of additional rooms and halls in the existing public and community building|chitradurga(deputy commissioner chitradurga_ida),571836.0,1,1,2026-07-27,2026-07-27
"construction of roads, link roads, pathways or any other road with or without drainage system|beawar(district collector beawar_ida)",800125.0,1,1,2026-06-25,2026-06-25
installation of multi-gym equipment|mansa(deputy commissioner mansa_ida),150000.0,1,1,2026-08-26,2026-08-26
construction of rooms and halls in school and colleges|dakshin dinajpur(district magistrate dinajpur dakshin_ida),399582.0,1,1,2026-07-21,2026-07-21
"construction of roads, link roads, pathways or any other road with or without drainage system|kumuram bheem asifabad(district collector kb asifabad_ida)",296123.0,1,1,2026-05-25,2026-05-25
construction of bus-sheds or bus-stops|belagavi(deputy commissioner belgaum_ida),124690.0,1,1,2026-08-19,2026-08-19
"construction of rooms and halls in school and colleges|sribhumi(deputy commissioner , karimganj)",2122000.0,2,1,2026-08-09,2026-08-09
construction of public staircase/ stair ghat for public convenience|bokaro(deputy commissioner bokaro_ida),25000.0,1,1,2026-08-26,2026-08-26
"construction of roads, link roads, pathways or any other road with or without drainage system|shahpura(district collector shahpura_ida)",380506.0,4,4,2026-08-17,2026-08-20
installing community drinking water plants|dhenkanal(district collector dhenkanal_ida),122000.0,1,1,2026-06-18,2026-06-18
construction of boundary walls of existing public and community buildings|mokokchung(deputy commissioner mokokchung_ida),250000.0,1,1,2026-08-06,2026-08-06
"construction of government office buildings (post office, police station, police chauki, etc.)|ranipet(district collector, ranipet_2)",1900000.0,1,1,2026-07-29,2026-07-29
construction of rooms and halls in school and colleges|kotputli-behror(district collector kotputli behror_ida),1717610.0,2,1,2026-07-22,2026-07-27
construction of water tanks|panch mahals(district collector panchmahals_ida),200000.0,2,2,2026-07-09,2026-08-29
"construction of roads, link roads, pathways or any other road with or without drainage system|gopalganj(district planning officer gopalganj_ida)",3339432.0,5,5,2026-06-22,2026-08-08
construction of boundary walls of existing public and community buildings|chhatrapati sambhajinagar(district collector aurangabad_ida),1975824.0,2,1,2026-07-02,2026-07-02
lighting of public spaces|bengaluru urban(deputy commissioner bangalore urban_ida),1996660.0,4,3,2026-07-13,2026-07-13
construction of community centers and community halls|narsimhapur(district collector narsinghpur_ida),180000.0,1,1,2026-07-21,2026-07-21
"construction of roads, link roads, pathways or any other road with or without drainage system|sitamarhi(district planning officer sitamarhi_ida)",948468.0,2,2,2026-06-13,2026-07-01
crematoriums/energy efficient crematoriums or structures on burial/cremation ground|sri muktsar sahib(deputy commissioner sri muktsar sahib_ida),271152.0,6,4,2026-07-01,2026-07-16
setting up of kitchen and pantries|nashik(district collector nashik_ida),978000.0,1,1,2026-07-16,2026-07-16
"construction of roads, link roads, pathways or any other road with or without drainage system|chikkamagaluru(deputy commissioner chikmagalur)",1666528.0,8,6,2026-06-18,2026-08-21
construction of rooms and halls in school and colleges|rohtak(deputy commissioner rohtak_ida),1099708.0,1,1,2026-05-13,2026-05-13
purchase of vans and buses for educational institutions|kollam(district collector kollam_ida),127057.0,2,2,2026-05-06,2026-07-01
construction of community centers and community halls|kancheepuram(district collector kancheepuram_ida),1906712.0,1,1,2026-05-18,2026-05-18
improvement of electricity distribution infrastructure|barmer(district collector barmer_ida),500000.0,1,1,2026-05-22,2026-05-22
improvement of electricity distribution infrastructure|basti(district magistrate basti_ida),187100.0,1,1,2026-06-24,2026-06-24
installing hand pumps|surajpur(district collector surajpur_ida),982688.0,14,2,2026-05-06,2026-05-06
construction of boundary walls of existing public and community buildings|kakinada(district collector kakinada_ida),992699.0,2,1,2026-08-01,2026-08-01
"construction of roads, link roads, pathways or any other road with or without drainage system|leparada(deputy commisioner leparada_ida)",1500000.0,3,2,2026-04-16,2026-04-17
construction of buildings for sports facilities|rohtak(deputy commissioner rohtak_ida),498512.0,2,2,2026-06-18,2026-06-18
providing drains and gutters for public drainage|chittoor(district collector chittoor_ida),499962.0,1,1,2026-04-07,2026-04-07
providing drains and gutters for public drainage|narsimhapur(district collector narsinghpur_ida),100000.0,1,1,2026-07-27,2026-07-27
establishing public lift irrigation projects|sirsa(deputy commissioner sirsa_ida),1173156.0,6,1,2026-08-25,2026-08-25
construction of rooms and halls in school and colleges|sitapur(district magistrate sitapur_ida),999975.0,2,2,2026-08-04,2026-08-21
construction of stadiums|sepahijala(district magistrate and collector sipahijala_ida),65676.0,1,1,2026-04-08,2026-04-08
"construction of rooms and facilities for hospitals, fwc , phc centers and anm centers|patiala(deputy commissioner patiala_ida)",106724.0,3,3,2026-07-01,2026-07-06
construction of community centers and community halls|kamareddy(district collector kamareddy_ida),499927.0,1,1,2026-07-15,2026-07-15
lighting of public spaces|paschim medinipur(district magistrate paschim medinipur_ida),754166.0,2,1,2026-08-21,2026-08-21
construction of rooms and halls in school and colleges|ri bhoi(deputy commissioner ribhoi nongpoh_ida),1025000.0,4,4,2026-05-01,2026-07-20
construction of community centers and community halls|shahjahanpur(district magistrae shahjahanapur_ida),1800000.0,1,1,2026-07-31,2026-07-31
"construction of roads, link roads, pathways or any other road with or without drainage system|ranga reddy(district collector rangareddy_ida)",3896816.0,9,6,2026-04-23,2026-08-06
"purchase of smart boards, visual display units and projectors|barmer(district collector barmer_ida)",2223600.0,3,2,2026-04-09,2026-06-12
fitting of sitting rcc benches in public places|amritsar(deputy commissioner amritsar_ida),200000.0,1,1,2026-05-20,2026-05-20
installation of multi-gym equipment|purbi champaran(district planning officer mothihari east champaran_ida),4800000.0,6,1,2026-07-06,2026-08-12
"construction of roads, link roads, pathways or any other road with or without drainage system|kanpur nagar(district magistrae kanpur nagar_ida)",410563.0,1,1,2026-08-04,2026-08-04
"construction of community centers and community halls|ranipet(district collector, ranipet_2)",799000.0,1,1,2026-07-01,2026-07-01
construction of toilet blocks|arvalli(district collector arvalli_ida),600000.0,1,1,2026-04-02,2026-04-02
construction of common work sheds/ common covered sitting area|bhiwani(dc cum nodal officer mplads bhiwani),405265.0,1,1,2026-07-10,2026-07-10
construction of rooms and halls in school and colleges|bhadrak(district collector bhadrak_ida),1300000.0,3,3,2026-07-08,2026-08-16
construction of community centers and community halls|rohtak(deputy commissioner rohtak_ida),3487534.0,14,12,2026-05-11,2026-08-27
construction of rooms and halls in school and colleges|prakasam(district collector prakasam_ida),2702326.0,2,1,2026-04-10,2026-08-28
lighting of public spaces|shrawasti(district magistrate shravasti_ida),12888768.0,54,1,2026-08-07,2026-08-18
construction of common work sheds/ common covered sitting area|jagitial(district collector jagtial_ida),536440.0,2,2,2026-04-22,2026-07-27
construction of public toilets and bathrooms|valsad(district collector valsad_ida),500000.0,1,1,2026-07-16,2026-07-16
installing hand pumps|khammam(district collector khammam_ida),68627.0,1,1,2026-08-17,2026-08-17
construction of community centers and community halls|muzaffarnagar(district magistrate muzaffarnagar_ida),376584.0,1,1,2026-07-15,2026-07-15
construction of bus-sheds or bus-stops|pune(district collector pune_ida),3982771.0,4,2,2026-07-23,2026-07-23
crematoriums/energy efficient crematoriums or structures on burial/cremation ground|kachchh(district collector kutch_ida),356077.0,1,1,2026-08-04,2026-08-04
street lights|faridkot(deputy commissioner faridkot_ida),699000.0,4,1,2026-04-16,2026-07-14
construction of rooms and halls in school and colleges|chhindwara(district collector chhindwara_ida),600000.0,1,1,2026-06-24,2026-06-24
construction of public toilets and bathrooms|ramban(deputy commissioner ramban_ida),370600.0,2,2,2026-04-17,2026-04-17
improvement of electricity distribution infrastructure|srinagar(deputy commissioner srinagar_ida),400186.0,1,1,2026-07-06,2026-07-06
improvement of electricity distribution infrastructure|charkhi dadri(deputy commissioner charkhi dadri_ida),1756500.0,7,1,2026-08-26,2026-08-26
construction of boundary walls of existing public and community buildings|arvalli(district collector arvalli_ida),500000.0,1,1,2026-08-25,2026-08-25
renovation of ponds and lakes|ernakulam(district collector ernakulam_ida),718082.0,1,1,2026-07-03,2026-07-03
purchase of mobile water tankers|bathinda(deputy commissioner bhatinda_ida),875890.0,3,2,2026-04-07,2026-08-14
construction of rooms and halls in school and colleges|shahpura(district collector shahpura_ida),58410.0,4,4,2026-05-08,2026-05-08
street lights|bankura(district magistrate bankura_ida),3173287.0,3,1,2026-06-25,2026-06-25
"construction of roads, link roads, pathways or any other road with or without drainage system|alwar(district collector alwar_ida)",1987602.0,2,2,2026-07-02,2026-08-17
construction of community centers and community halls|udaipur(district collector udaipur_ida),210000.0,1,1,2026-07-16,2026-07-16
installing community drinking water plants|bhiwani(dc cum nodal officer mplads bhiwani),484500.0,6,1,2026-06-19,2026-06-22
construction of bus-sheds or bus-stops|uttarkashi(district collector uttarkashi_ida),15420.0,1,1,2026-06-22,2026-06-22
construction of community centers and community halls|washim(district collector washim_ida),287925.0,1,1,2026-06-30,2026-06-30
"construction of roads, link roads, pathways or any other road with or without drainage system|jaunpur(district magistrate jaunpur_ida)",14270057.0,13,6,2026-07-10,2026-08-29
construction of night shelters for homeless|panch mahals(district collector panchmahals_ida),400000.0,1,1,2026-07-05,2026-07-05
construction of community centers and community halls|chhatrapati sambhajinagar(district collector aurangabad_ida),2411344.0,2,2,2026-04-06,2026-05-18
"construction of roads, link roads, pathways or any other road with or without drainage system|baragada(district collector baragarh_ida)",600000.0,2,2,2026-06-12,2026-06-29
construction of community centers and community halls|nabarangpur(district collector nabarangpur_ida),721169.0,7,7,2026-06-18,2026-08-24
"construction of roads, link roads, pathways or any other road with or without drainage system|ratnagiri(district collector ratnagiri_ida)",2813647.0,7,6,2026-04-13,2026-08-20
"construction of roads, link roads, pathways or any other road with or without drainage system|siddharthnagar(district magistrate siddharth nagar_ida)",1654124.0,3,1,2026-06-19,2026-07-22
construction of culverts and bridges|west singhbhum(deputy commissioner west singhbhum_ida),2856000.0,7,1,2026-08-19,2026-08-19
construction of buildings for crèches and anganwadies|coimbatore(district collector coimbatore_ida),2299895.0,2,2,2026-08-10,2026-08-22
setting up of laboratories|west jaintia hills(deputy commissioner west jaintia hills jowai_ida),300000.0,1,1,2026-07-30,2026-07-30
"purchase of hearse van (four, three and two wheelers)|rajkot(district collector rajkot_ida)",1000000.0,1,1,2026-06-17,2026-06-17
"construction of roads, link roads, pathways or any other road with or without drainage system|gorakhpur(district magistrate gorakhpur_ida)",2590808.0,4,2,2026-08-04,2026-08-04
"purchase of it systems, including hardware and software for educational purposes|nagpur(district collector nagpur_ida)",150000.0,1,1,2026-07-31,2026-07-31
lighting of public spaces|madurai(district collector madurai_ida),399890.0,1,1,2026-08-27,2026-08-27
construction of rooms and halls in school and colleges|dakshin bastar dantewada(collector dantewada_ida),1250000.0,1,1,2026-08-27,2026-08-27
purchase of vans and buses for educational institutions|idukki(district collector idukki_ida),194140.0,2,2,2026-05-07,2026-08-11
construction of community centers and community halls|rajgarh(district collector rajgarh_ida),150000.0,1,1,2026-08-18,2026-08-18
construction of community centers and community halls|raigarh(district collector raigarh_ida),500000.0,1,1,2026-05-11,2026-05-11
development of playfields and sports grounds|south(commissioner south),2819230.0,9,1,2026-05-21,2026-05-21
construction of rooms and halls in school and colleges|kolkata(commissioner kolkata municipal corporation_ida),796071.0,1,1,2026-08-07,2026-08-07
"construction of government office buildings (post office, police station, police chauki, etc.)|dharmapuri(district collector dharmapuri_ida)",749247.0,1,1,2026-08-04,2026-08-04
"purchase of smart boards, visual display units and projectors|nagpur(district collector nagpur_ida)",449900.0,1,1,2026-07-31,2026-07-31
construction of common work sheds/ common covered sitting area|darbhanga(district planning officer darbanga_ida),394259.0,1,1,2026-08-18,2026-08-18
installing community drinking water plants|south 24 parganas(district magistrate south twenty four parganas_ida),434369.0,1,1,2026-07-14,2026-07-14
purchase of furniture and fixtures for educational purposes|pali(district collector pali_ida),1421499.0,22,22,2026-05-04,2026-07-20
lighting of public spaces|raichur(deputy commissioner raichur_ida),1500000.0,4,3,2026-07-18,2026-08-17
construction of common work sheds/ common covered sitting area|ludhiana(deputy commissioner ludhiana_ida),1130202.0,7,5,2026-05-18,2026-08-19
construction of additional rooms and halls in the existing public and community building|bhopal(district collector bhopal_ida),433324.0,1,1,2026-06-18,2026-06-18
construction of buildings for community cultural activities|pandhurna(district collector pandhurna_ida),500000.0,1,1,2026-05-26,2026-05-26
development of public parks|faridkot(deputy commissioner faridkot_ida),100000.0,2,2,2026-04-06,2026-04-06
providing drains and gutters for public drainage|mandla(district collector mandla_ida),300000.0,1,1,2026-05-21,2026-05-21
purchase of hospital equipment|y.s.r. kadapa(district collector cuddapah_ida),300000.0,1,1,2026-08-29,2026-08-29
construction of public toilets and bathrooms|annamayya(district collector annamayya_ida),199846.0,1,1,2026-08-25,2026-08-25
construction of culverts and bridges|nashik(district collector nashik_ida),499500.0,1,1,2026-07-24,2026-07-24
construction of boundary walls of existing public and community buildings|muzaffarnagar(district magistrate muzaffarnagar_ida),599993.0,2,2,2026-08-23,2026-08-23
renovation of ponds and lakes|sitamarhi(district planning officer sitamarhi_ida),1184569.0,2,2,2026-07-01,2026-07-20
construction of public toilets and bathrooms|bhadrak(district collector bhadrak_ida),416871.0,1,1,2026-07-22,2026-07-22
improvement of electricity distribution infrastructure|aizawl(deputy commissioner aizawl_ida),1490000.0,2,1,2026-06-25,2026-08-28
construction of community centers and community halls|bongaigaon(deputy commissioner bongaigaon_ida),1800000.0,3,3,2026-06-18,2026-08-24
crematoriums/energy efficient crematoriums or structures on burial/cremation ground|mayiladuthurai(district collector mayiladuthurai_ida),2024454.0,2,2,2026-06-23,2026-08-01
renovation of ponds and lakes|latehar(deputy commissioner latehar_ida),299318.0,1,1,2026-04-07,2026-04-07
construction of shelters for animals|gurugram(dc cum nodal officer mplads_5),863101.0,2,2,2026-05-13,2026-05-13
"construction of roads, link roads, pathways or any other road with or without drainage system|bhopal(district collector bhopal_ida)",2450000.0,3,3,2026-06-29,2026-08-11
purchase of furniture and fixtures for educational purposes|jehanabad(district planning officer jehanabad_ida),2496000.0,1,1,2026-08-28,2026-08-28
"construction of roads, link roads, pathways or any other road with or without drainage system|dakshin dinajpur(district magistrate dinajpur dakshin_ida)",1399120.0,1,1,2026-05-12,2026-05-12
construction of rooms and halls in school and colleges|nalgonda(district collector nalgonda),200000.0,1,1,2026-05-11,2026-05-11
installing tube-wells and borewells|kheda(district collector kheda_ida),748877.0,3,3,2026-07-07,2026-08-21
purchase of non-conventional energy system and devices for community use|rae bareli(district magistrate rae bareli_ida),172791.0,9,1,2025-10-28,2025-10-28
construction of boundary walls of existing public and community buildings|rajsamand(district collector rajsamand_ida),105100.0,20,10,2026-04-14,2026-07-15
construction of community centers and community halls|latur(district collector latur_ida),5357616.0,6,6,2026-05-21,2026-08-25
providing drains and gutters for public drainage|pune(district collector pune_ida),936871.0,1,1,2026-07-03,2026-07-03
installation of multi-gym equipment|kolkata(commissioner kolkata municipal corporation_ida),1005903.0,1,1,2026-03-12,2026-03-12
"construction of roads, link roads, pathways or any other road with or without drainage system|kathua(district development commissioner kathua_ida)",551400.0,4,4,2026-03-23,2026-08-27
construction of common work sheds/ common covered sitting area|nainital(district magistrate nainital_ida),1416276.0,48,48,2026-05-14,2026-08-27
"purchase of prosthetics, wheel chairs, tricycles (manual or motorized), elect scooties, hearing aids|koppal(deputy commissioner koppal_ida)",850000.0,5,1,2026-05-29,2026-06-20
construction of community centers and community halls|ganjam(district collector ganjam_ida),2922595.0,10,7,2026-04-15,2026-08-25
purchase of other aids / devices required for p/ m/ v/ h impaired for differently abled persons|bhilwara(district collector bhilwara_ida),673000.0,1,1,2026-06-15,2026-06-15
construction of community centers and community halls|rajnandgaon(district collector rajnandgaon_ida),325000.0,2,2,2026-05-20,2026-07-28
construction of rooms and halls in school and colleges|s.a.s nagar(deputy commissioner sahibzada ajit singh nagar mohali_ida),338951.0,12,5,2026-04-15,2026-07-15
construction of toilet blocks|patiala(deputy commissioner patiala_ida),51796.0,2,2,2026-05-12,2026-06-22
construction of boundary walls of existing public and community buildings|ramban(deputy commissioner ramban_ida),665600.0,4,3,2026-04-17,2026-08-17
construction of shelters for animals|kachchh(district collector kutch_ida),500000.0,1,1,2026-07-03,2026-07-03
construction of additional rooms and halls in the existing public and community building|sangrur(deputy commissioner sangrur_ida),171820.0,1,1,2026-05-08,2026-05-08
"construction of roads, link roads, pathways or any other road with or without drainage system|surajpur(district collector surajpur_ida)",149823.0,1,1,2026-07-03,2026-07-03
construction of community centers and community halls|bathinda(deputy commissioner bhatinda_ida),616535.0,9,4,2026-07-23,2026-08-28
"construction of roads, link roads, pathways or any other road with or without drainage system|gwalior(district collector gwalior_ida)",491932.0,2,2,2026-07-01,2026-08-14
purchase of hospital equipment|kannur(district collector kannur_ida),1000000.0,1,1,2026-07-13,2026-07-13
"construction of roads, link roads, pathways or any other road with or without drainage system|mahabubabad(district collector mahabubabad_ida)",2464008.0,5,1,2026-07-14,2026-08-01
development of playground|ludhiana(deputy commissioner ludhiana_ida),291450.0,6,2,2026-05-14,2026-07-17
construction of boundary walls of existing public and community buildings|beed(district collector beed_ida),995413.0,1,1,2026-07-22,2026-07-22
"construction of roads, link roads, pathways or any other road with or without drainage system|rayagada(district collector rayagada_ida)",3650000.0,13,8,2026-06-25,2026-08-20
installing tube-wells and borewells|bengaluru urban(deputy commissioner bangalore urban_ida),4454495.0,14,2,2026-05-20,2026-08-03
"purchase of it systems, including hardware and software for educational purposes|nainital(district magistrate nainital_ida)",1149830.0,4,3,2026-05-04,2026-05-30
lighting of public spaces|nagapattinam(district collector nagapattinam_4),950810.0,2,1,2026-06-22,2026-06-22
street lights|bengaluru south(deputy commissioner ramanagara_ida),176250.0,1,1,2026-06-30,2026-06-30
"providing cctv camera system for security of public areas|ranipet(district collector, ranipet_2)",375000.0,1,1,2026-06-19,2026-06-19
installing tube-wells and borewells|mahisagar(collector mahisagar_ida),200000.0,2,2,2026-08-19,2026-08-19
providing cctv camera system for security of public areas|tirunelveli(district collector tirunelveli_ida),1675272.0,1,1,2026-06-30,2026-06-30
construction of rooms and halls in school and colleges|anakapalli(district collector anakapalli_ida),4344336.0,3,2,2026-05-01,2026-08-19
construction of community centers and community halls|budaun(district magistrate budaun_ida),863406.0,1,1,2026-05-08,2026-05-08
construction of public toilets and bathrooms|bhiwani(dc cum nodal officer mplads bhiwani),1399929.0,3,3,2026-08-14,2026-08-27
"construction of roads, link roads, pathways or any other road with or without drainage system|anand(district collector anand_ida)",5245343.0,22,15,2026-04-08,2026-08-27
construction of public toilets and bathrooms|jammu(deputy commissioner jammu_ida),521300.0,2,2,2026-05-08,2026-05-18
providing drains and gutters for public drainage|bundi(district collector bundi_ida),491698.0,1,1,2026-08-24,2026-08-24
construction of public staircase/ stair ghat for public convenience|purbi champaran(district planning officer mothihari east champaran_ida),990478.0,1,1,2026-08-22,2026-08-22
"construction of flood control embankments/ protection walls along riverbanks, hilltops, roadsides|south salmara mancachar(deputy commissioner south salmara mankachar_ida)",600000.0,2,1,2026-08-26,2026-08-26
"construction of roads, link roads, pathways or any other road with or without drainage system|kottayam(district collector kottayam_ida)",5885119.0,17,14,2026-04-27,2026-08-18
crematoriums/energy efficient crematoriums or structures on burial/cremation ground|latehar(deputy commissioner latehar_ida),895152.0,4,2,2026-04-23,2026-07-17
construction of buildings for community cultural activities|dindigul(district collector dindigul_ida),800000.0,1,1,2026-05-20,2026-05-20
creation of new ponds|karbi anglong(deputy commissioner karbi anglong_ida),750000.0,2,1,2026-07-08,2026-07-10
setting up public non-conventional energy plants|sultanpur(district magistrate sultanpur_ida),322353.0,1,1,2026-05-21,2026-05-21
construction of common work sheds/ common covered sitting area|uttar bastar kanker(district collector kanker_ida),1500000.0,2,1,2026-04-08,2026-08-17
construction of rooms and halls in school and colleges|kannauj(district magistrate kannauj_ida),675000.0,3,2,2026-07-03,2026-08-07
lighting of public spaces|bijnor(district magistrate bijnor_ida),2923271.0,109,1,2026-03-23,2026-03-24
construction of shelters for animals|damoh(district collector damoh_ida),700000.0,1,1,2026-05-18,2026-05-18
construction of community centers and community halls|bastar(district collector bastar_ida),975368.0,2,2,2025-09-25,2026-06-25
lighting of public spaces|rampur(district magistrate rampur_ida),17238771.0,99,1,2026-07-22,2026-08-20
"setting up crops conservation facilities|ranipet(district collector, ranipet_2)",999929.0,1,1,2026-06-24,2026-06-24
construction of buildings for community cultural activities|y.s.r. kadapa(district collector cuddapah_ida),199285.0,1,1,2026-05-11,2026-05-11
"construction of roads, link roads, pathways or any other road with or without drainage system|bhandara(district collector bhandara_ida)",697459.0,1,1,2026-07-17,2026-07-17
crematoriums/energy efficient crematoriums or structures on burial/cremation ground|kathua(district development commissioner kathua_ida),133700.0,1,1,2026-08-27,2026-08-27
"construction of roads, link roads, pathways or any other road with or without drainage system|warangal(district collector warangal_ida)",499889.0,1,1,2026-05-29,2026-05-29
installing hand pumps|pratapgarh(district collector pratapgarh_ida),73331.0,1,1,2026-08-24,2026-08-24
construction of community centers and community halls|y.s.r. kadapa(district collector cuddapah_ida),996177.0,2,2,2026-07-21,2026-08-18
crematoriums/energy efficient crematoriums or structures on burial/cremation ground|latur(district collector latur_ida),794104.0,1,1,2026-08-24,2026-08-24
purchase of motor boats for flood and cyclone prone areas|amritsar(deputy commissioner amritsar_ida),857441.0,1,1,2026-05-13,2026-05-13
construction of boundary walls of existing public and community buildings|bijapur(collector bijapur_ida),455140.0,1,1,2026-06-18,2026-06-18
construction of community centers and community halls|akola(district collector akola_ida),1573871.0,2,2,2026-04-07,2026-08-19
"construction of roads, link roads, pathways or any other road with or without drainage system|navsari(district collector navsari_ida)",6000000.0,13,12,2026-07-06,2026-08-23
providing drains and gutters for public drainage|ratlam(district collector ratlam_ida),100000.0,1,1,2026-07-23,2026-07-23
lighting of public spaces|thiruvallur(district collector tiruvallur_ida),1557710.0,7,1,2026-07-22,2026-07-22
construction of community centers and community halls|vaishali(district planning officer vaishali_ida),989945.0,1,1,2026-04-18,2026-04-18
"construction of government office buildings (post office, police station, police chauki, etc.)|murshidabad(district magistrate murshidabad_ida)",500569.0,1,1,2026-05-26,2026-05-26
street lights|nanded(district collector nanded_ida),2497606.0,4,4,2026-06-22,2026-08-18
construction of rooms and halls in school and colleges|balaghat(district collector balaghat_ida),276078.0,6,4,2026-08-18,2026-08-18
development of public parks|uttarkashi(district collector uttarkashi_ida),399466.0,1,1,2026-06-18,2026-06-18
construction of culverts and bridges|dakshina kannada(deputy commissioner dakshin kannad mangalore_ida),499527.0,1,1,2026-08-04,2026-08-04
construction of community centers and community halls|umaria(district collector umariya_ida),500000.0,1,1,2026-05-14,2026-05-14
creation of new ponds|mokokchung(deputy commissioner mokokchung_ida),4500000.0,2,1,2026-06-18,2026-07-10
"construction of flood control embankments/ protection walls along riverbanks, hilltops, roadsides|soreng(district collector soreng_ida)",407440.0,1,1,2026-06-15,2026-06-15
forest conservation infrastructure|idukki(district collector idukki_ida),2869781.0,3,2,2026-07-22,2026-08-22
construction of buildings for community cultural activities|kandhamala(district collector kandhamal_ida),400000.0,1,1,2026-07-17,2026-07-17
improvement of electricity distribution infrastructure|muzaffarnagar(district magistrate muzaffarnagar_ida),173600.0,1,1,2026-05-07,2026-05-07
construction of rooms and halls in school and colleges|udaipur(district collector udaipur_ida),47101.0,4,1,2026-07-21,2026-07-21
construction of rooms and halls in school and colleges|supaul(district planning officer supaul_ida),1487721.0,1,1,2026-04-27,2026-04-27
"construction of roads, link roads, pathways or any other road with or without drainage system|kozhikode(district collector kozhikode_ida)",1670941.0,4,4,2026-07-03,2026-08-24
"construction of roads, link roads, pathways or any other road with or without drainage system|kalimpong(district magistrate kalimpong_ida)",499735.0,1,1,2026-08-10,2026-08-10
construction of rooms and halls in school and colleges|kancheepuram(district collector kancheepuram_ida),999104.0,1,1,2026-07-22,2026-07-22
"construction of roads, link roads, pathways or any other road with or without drainage system|bapatla(district collector bapatla_ida)",2410492.0,3,2,2026-07-15,2026-08-18
construction of common work sheds/ common covered sitting area|kanpur nagar(district magistrae kanpur nagar_ida),727308.0,1,1,2026-08-04,2026-08-04
street lights|shahid bhagat singh nagar(deputy commissioner shahid bhagat singh nagar_ida),293025.0,1,1,2026-05-13,2026-05-13
"construction of roads, link roads, pathways or any other road with or without drainage system|ajmer(district collector ajmer_ida)",1862141.0,46,44,2026-05-23,2026-08-24
"construction of government office buildings (post office, police station, police chauki, etc.)|bapatla(district collector bapatla_ida)",589011.0,1,1,2026-08-28,2026-08-28
construction of water tanks|jhunjhunu(district collector jhunjhunu_ida),267690.0,5,5,2026-04-15,2026-05-11
"construction of roads, link roads, pathways or any other road with or without drainage system|kabeerdham(district collector kabirdham)",9041633.0,35,26,2026-04-15,2026-08-27
"construction of roads, link roads, pathways or any other road with or without drainage system|seoni(district collector seoni_ida)",2132224.0,9,2,2026-05-05,2026-06-22
construction of community centers and community halls|bhilwara(district collector bhilwara_ida),1369668.0,20,20,2026-04-10,2026-08-18
construction of buildings for community cultural activities|kamrup metro(deputy commissioner kamrup metropolitan_ida),599688.0,1,1,2026-07-02,2026-07-02
crematoriums/energy efficient crematoriums or structures on burial/cremation ground|moga(deputy commissioner moga),331450.0,9,6,2026-07-07,2026-07-13
construction of culverts and bridges|koraput(district collector koraput_ida),550000.0,2,2,2026-07-10,2026-07-29
"construction of roads, link roads, pathways or any other road with or without drainage system|palghar(district collector palghar_ida)",993381.0,1,1,2026-07-15,2026-07-15
crematoriums/energy efficient crematoriums or structures on burial/cremation ground|tehri garhwal(district magistrate tehri garhwal_ida),78104.0,7,7,2026-08-14,2026-08-14
construction of rooms and halls in school and colleges|bhopal(district collector bhopal_ida),700000.0,1,1,2026-05-08,2026-05-08
construction of community centers and community halls|shahid bhagat singh nagar(deputy commissioner shahid bhagat singh nagar_ida),500000.0,2,2,2026-05-08,2026-05-08
construction of common work sheds/ common covered sitting area|narayanpet(district collector narayanpet_ida),994273.0,1,1,2026-07-17,2026-07-17
"construction of roads, link roads, pathways or any other road with or without drainage system|sangrur(deputy commissioner sangrur_ida)",499821.0,10,3,2026-08-03,2026-08-04
renovation of ponds and lakes|ganjam(district collector ganjam_ida),500000.0,1,1,2026-07-20,2026-07-20
construction of footpaths and pedestrian ways|panch mahals(district collector panchmahals_ida),710000.0,4,4,2026-04-20,2026-08-25
construction of public irrigation facilities|thiruvarur(district collector thiruvarur_ida),497516.0,1,1,2026-06-22,2026-06-22
providing drains and gutters for public drainage|erode(district_collectore_erode_ida),1500000.0,1,1,2026-06-18,2026-06-18
construction of buildings for community cultural activities|chirang(deputy commissioner chirang_ida),750000.0,1,1,2026-07-27,2026-07-27
construction of buildings for community cultural activities|viluppuram(district collector villupuram_ida),794188.0,1,1,2026-05-18,2026-05-18
improvement of electricity distribution infrastructure|sundaragada(district collector sundargarh_ida),977734.0,1,1,2026-05-12,2026-05-12
installation of fixed garden gym equipment|shahid bhagat singh nagar(deputy commissioner shahid bhagat singh nagar_ida),650000.0,2,1,2026-08-24,2026-08-24
purchase of hospital equipment|howrah(district magistrate howrah_ida),1675000.0,1,1,2026-08-27,2026-08-27
construction of community centers and community halls|gariyaband(collectro gariaband_ida),560000.0,2,1,2026-05-26,2026-08-05
construction of community centers and community halls|amritsar(deputy commissioner amritsar_ida),392420.0,6,4,2026-04-13,2026-05-06
construction of buildings for community cultural activities|kataka(district collector cuttack_ida),919806.0,1,1,2026-04-30,2026-04-30
crematoriums/energy efficient crematoriums or structures on burial/cremation ground|gurdaspur(deputy commissioner gurdaspur_ida),886730.0,7,6,2026-04-13,2026-08-27
purchase of vans and buses for educational institutions|alappuzha(district collector alappuzha_ida),314073.0,4,4,2026-07-02,2026-08-04
"construction of roads, link roads, pathways or any other road with or without drainage system|washim(district collector washim_ida)",745795.0,1,1,2026-07-03,2026-07-03
crematoriums/energy efficient crematoriums or structures on burial/cremation ground|patan(district collector patan_ida),200000.0,1,1,2026-08-10,2026-08-10
construction of common work sheds/ common covered sitting area|bhopal(district collector bhopal_ida),1400000.0,1,1,2026-07-20,2026-07-20
lighting of public spaces|sidhi(district collector sidhi_ida),2627693.0,11,1,2026-05-14,2026-08-25
"setting up processing plants, cold storages,etc for fish and fisheries products for community use|sonipat(deputy commissioner sonepat_ida)",787473.0,1,1,2026-06-23,2026-06-23
improvement of electricity distribution infrastructure|sultanpur(district magistrate sultanpur_ida),987802.0,1,1,2026-06-24,2026-06-24
lighting of public spaces|thane(district collector thane_ida),997372.0,2,2,2026-07-02,2026-07-02
"construction of flood control embankments/ protection walls along riverbanks, hilltops, roadsides|gyalshing(district collector gyalshing_ida)",180027.0,1,1,2026-04-04,2026-04-04
construction of additional rooms and halls in the existing public and community building|rajnandgaon(district collector rajnandgaon_ida),150000.0,1,1,2026-08-24,2026-08-24
construction of buildings for community cultural activities|mayurbhanj(district collector mayurbhanj_ida),486772.0,1,1,2026-04-30,2026-04-30
construction of boundary walls of existing public and community buildings|anugola(district collectorangul_ida),622128.0,1,1,2026-06-18,2026-06-18
installing tube-wells and borewells|surajpur(district collector surajpur_ida),1684936.0,19,2,2026-05-06,2026-05-06
"construction of roads, link roads, pathways or any other road with or without drainage system|varanasi(district magistrae varanasi_ida)",24279106.0,51,39,2026-04-03,2026-08-25
"construction of rooms and facilities for hospitals, fwc , phc centers and anm centers|purba bardhaman(district magistrate purba bardhaman_ida)",987384.0,1,1,2026-08-11,2026-08-11
"construction of government office buildings (post office, police station, police chauki, etc.)|rewari(district commissioner rewari)",645155.0,1,1,2026-06-19,2026-06-19
construction of community centers and community halls|west tripura(district magistrate west tripura_ida),1967754.0,4,4,2026-06-30,2026-07-21
installing tube-wells and borewells|barnala(deputy commissioner barnala_ida),70000.0,2,1,2026-08-24,2026-08-24
construction of community centers and community halls|gondia(district collector gondia_ida),3196288.0,4,4,2026-06-23,2026-08-27
construction of bus-sheds or bus-stops|kancheepuram(district collector kancheepuram_ida),6001208.0,4,3,2026-05-18,2026-07-01
construction of rooms and halls in school and colleges|udupi(deputy commissioner udupi_ida),500000.0,1,1,2026-08-26,2026-08-26
construction of building for veterinary aid centers|koraput(district collector koraput_ida),1000000.0,1,1,2026-05-07,2026-05-07
"construction of government office buildings (post office, police station, police chauki, etc.)|theni(district collector theni_5)",3000000.0,1,1,2026-06-30,2026-06-30
construction of common work sheds/ common covered sitting area|palwal(ceo drda mplads palwal),644768.0,1,1,2026-07-30,2026-07-30
construction of community centers and community halls|north and middle andaman(implementing district authority(n&ma)),1350689.0,1,1,2026-08-05,2026-08-05
providing drains and gutters for public drainage|chandigarh(deputy commissioner zilla parishad chandigarh_ida),196013.0,1,1,2026-05-19,2026-05-19
installing community drinking water plants|valsad(district collector valsad_ida),1500000.0,3,1,2026-08-05,2026-08-05
fitting of sitting rcc benches in public places|rajkot(district collector rajkot_ida),46952.0,1,1,2026-08-18,2026-08-18
construction of bus-sheds or bus-stops|erode(district_collectore_erode_ida),1148142.0,2,2,2026-05-21,2026-05-21
construction of boundary walls of existing public and community buildings|janjgir-champa(district collector janjgir champa_ida),178571.0,1,1,2026-08-27,2026-08-27
purchase of books and periodicals for libraries/digitization of library books|betul(district collector betul_ida),1999844.0,1,1,2026-07-27,2026-07-27
construction of bus-sheds or bus-stops|thiruvallur(district collector tiruvallur_ida),967401.0,2,1,2026-06-27,2026-06-27
"construction of roads, link roads, pathways or any other road with or without drainage system|thrissur(district collector thrissur_ida)",9197716.0,7,7,2026-05-11,2026-08-21
"construction of roads, link roads, pathways or any other road with or without drainage system|kurnool(district collector kurnool_ida)",1404282.0,3,1,2026-07-01,2026-07-01
"construction of roads, link roads, pathways or any other road with or without drainage system|bahraich(district magistrae bahraich_ida)",2280018.0,1,1,2026-07-09,2026-07-09
improvement of electricity distribution infrastructure|saharanpur(district magistrae saharanpur_ida),113721.0,1,1,2026-04-24,2026-04-24
"construction of roads, link roads, pathways or any other road with or without drainage system|samba(deputy commissioner samba_ida)",677000.0,2,2,2026-05-05,2026-07-20
construction of community centers and community halls|belagavi(deputy commissioner belgaum_ida),4575400.0,12,7,2026-05-19,2026-08-26
purchase of hospital equipment|lakshadweep district(collector cum dev commissioner lakshadweep_ida),1065799.0,5,5,2026-05-19,2026-08-06
construction of community centers and community halls|khandwa (east nimar)(district collector east nimar_ida),10000.0,1,1,2026-05-16,2026-05-16
"construction of roads, link roads, pathways or any other road with or without drainage system|dr. b.r. ambedkar konaseema(district collector dr b r ambedkar konaseema_ida)",6671702.0,10,6,2026-04-08,2026-08-22
"construction of roads, link roads, pathways or any other road with or without drainage system|satara(district collector satara_ida)",2693280.0,3,3,2026-06-29,2026-08-16
lighting of public spaces|mirzapur(district magistrate mirzapur_ida),34446064.0,5,1,2026-05-13,2026-08-06
construction of community centers and community halls|paschim medinipur(district magistrate paschim medinipur_ida),1307006.0,1,1,2026-08-21,2026-08-21
construction of public toilets and bathrooms|dhar(district collector dhar_ida),250000.0,1,1,2026-08-27,2026-08-27
construction of toilet blocks|s.a.s nagar(deputy commissioner sahibzada ajit singh nagar mohali_ida),172367.0,7,4,2026-08-14,2026-08-14
"construction of roads, link roads, pathways or any other road with or without drainage system|puri(district collector puri_ida)",699962.0,2,2,2026-05-04,2026-06-18
construction of community centers and community halls|arvalli(district collector arvalli_ida),500000.0,1,1,2026-08-25,2026-08-25
renovation of ponds and lakes|ranchi(deputy commissioner ranchi_ida),131250.0,1,1,2026-08-28,2026-08-28
construction of buildings for community cultural activities|kanniyakumari(district collector kanniyakumari_ida),1485403.0,1,1,2026-08-07,2026-08-07
construction of buildings for community cultural activities|kachchh(district collector kutch_ida),2350000.0,6,6,2026-04-07,2026-08-17
construction of public toilets and bathrooms|vellore(district collector vellore_ida),2726837.0,3,1,2026-06-15,2026-06-19
"construction of rooms and facilities for hospitals, fwc , phc centers and anm centers|nandyal(district collector nandyal_ida)",591815.0,1,1,2026-07-28,2026-07-28
purchase of mobile water tankers|chandigarh(deputy commissioner zilla parishad chandigarh_ida),269986.0,1,1,2026-06-15,2026-06-15
providing supply pipelines for drinking water|annamayya(district collector annamayya_ida),1181065.0,3,2,2026-07-28,2026-08-27
construction of public toilets and bathrooms|dangs(district collector dang_ida),499224.0,1,1,2026-06-22,2026-06-22
installing tube-wells and borewells|panch mahals(district collector panchmahals_ida),100000.0,1,1,2026-07-03,2026-07-03
construction of buildings for community cultural activities|saran(district planning office saran chapra_ida),1227383.0,1,1,2026-07-30,2026-07-30
lighting of public spaces|bankura(district magistrate bankura_ida),1457517.0,2,2,2026-05-15,2026-08-25
crematoriums/energy efficient crematoriums or structures on burial/cremation ground|surat(district collector surat_ida),250000.0,1,1,2026-08-18,2026-08-18
purchase of books and periodicals for libraries/digitization of library books|ramanathapuram(district collector ramanathapuram_ida),500000.0,1,1,2026-04-01,2026-04-01
construction of community centers and community halls|lakhimpur(deputy commissioner lakhimpur_ida),448049.0,3,2,2026-05-12,2026-08-06
purchase of mobile water tankers|rupnagar(deputy commissioner roopnagar_ida),2100000.0,6,4,2026-08-26,2026-08-28
purchase of mobile water tankers|seoni(district collector seoni_ida),150000.0,1,1,2026-06-15,2026-06-15
construction of bus-sheds or bus-stops|chennai(commissioner muncipal corporation chennai_ida),7356699.0,5,2,2026-06-10,2026-08-17
construction of community centers and community halls|chhatarpur(district collector chhatarpur_ida),900000.0,3,3,2026-07-30,2026-08-21
construction of community centers and community halls|kekri(district collector kekri_ida),354930.0,24,24,2026-04-10,2026-05-13
"construction of roads, link roads, pathways or any other road with or without drainage system|raisen(district collector raisen_ida)",325000.0,2,2,2026-05-29,2026-07-02
construction of community centers and community halls|rayagada(district collector rayagada_ida),500000.0,1,1,2026-08-01,2026-08-01
lighting of public spaces|bengaluru rural(deputy commissioner bangalore rural sbm urban),991639.0,8,3,2026-05-08,2026-06-25
"construction of roads, link roads, pathways or any other road with or without drainage system|bidar(deputy commissioner bidar_ida)",674250.0,2,2,2026-07-17,2026-07-22
development of playfields and sports grounds|patiala(deputy commissioner patiala_ida),4200.0,1,1,2026-07-08,2026-07-08
street lights|deoria(district magistrate deoria),1022827.0,13,1,2026-07-09,2026-07-09
construction of common work sheds/ common covered sitting area|ahilyanagar(district collector ahmednagar_ida),983620.0,2,1,2026-06-17,2026-06-17
construction of water tanks|pudukkottai(district collector pudukkottai_ida),1798024.0,1,1,2026-05-06,2026-05-06
construction of community centers and community halls|baragada(district collector baragarh_ida),965596.0,4,4,2026-05-30,2026-08-24
"construction of roads, link roads, pathways or any other road with or without drainage system|pulwama(deputy commissioner pulwama_ida)",120515.0,1,1,2026-07-29,2026-07-29
purchase of other aids / devices required for p/ m/ v/ h impaired for differently abled persons|annamayya(district collector annamayya_ida),958000.0,2,1,2026-07-20,2026-08-03
"purchase of vehicle for mobile dispensaries (four, three and two wheelers)|malappuram(district collector malappuram_ida)",927971.0,6,4,2026-06-22,2026-08-24
construction of community centers and community halls|bapatla(district collector bapatla_ida),857776.0,1,1,2026-08-01,2026-08-01
"construction of government office buildings (post office, police station, police chauki, etc.)|y.s.r. kadapa(district collector cuddapah_ida)",399992.0,1,1,2026-05-16,2026-05-16
construction of public irrigation facilities|chatra(deputy commissioner chatra_ida),5149689.0,20,1,2026-07-15,2026-08-20
construction of buildings for community cultural activities|solapur(district collector solapur_ida),1965905.0,2,2,2026-04-07,2026-06-30
construction of public toilets and bathrooms|marigaon(district development commissioner morigaon),95760.0,1,1,2026-06-18,2026-06-18
construction of public irrigation facilities|mandi(deputy commissioner mandi_ida),150000.0,1,1,2026-08-26,2026-08-26
installation of fixed garden gym equipment|palghar(district collector palghar_ida),994243.0,1,1,2026-08-17,2026-08-17
construction of road under bridge|tenkasi(district collector tenkasi_ida),479711.0,1,1,2026-08-12,2026-08-12
"construction of roads, link roads, pathways or any other road with or without drainage system|akola(district collector akola_ida)",8172152.0,12,9,2026-05-27,2026-08-27
construction of common work sheds/ common covered sitting area|the nilgiris(district collector nilgiris_ida),699519.0,1,1,2026-07-01,2026-07-01
construction of culverts and bridges|chhotaudepur(district collector chhota udepur_ida),200000.0,1,1,2026-08-05,2026-08-05
"construction of rooms and facilities for hospitals, fwc , phc centers and anm centers|barnala(deputy commissioner barnala_ida)",414496.0,9,3,2026-05-05,2026-05-05
installing tube-wells and borewells|alipurduar(district magistrate alipurduars_ida),1034116.0,2,2,2026-08-03,2026-08-03
"construction of roads, link roads, pathways or any other road with or without drainage system|kishtwar(deputy commissioner kishtwar_ida)",164000.0,1,1,2026-06-19,2026-06-19
construction of culverts and bridges|chirang(deputy commissioner chirang_ida),3480000.0,4,3,2026-04-04,2026-08-07
construction of water tanks|sirmaur(deputy commissioner sirmour_ida),350000.0,3,2,2026-04-10,2026-06-30
construction of community centers and community halls|doda(deputy commissioner doda_ida),417000.0,1,1,2026-07-18,2026-07-18
construction of rooms and halls in school and colleges|dehradun(district magistrate dehradun_ida),369668.0,2,2,2026-07-25,2026-08-18
construction of culverts and bridges|mandla(district collector mandla_ida),3000000.0,10,10,2026-05-19,2026-08-14
street lights|kamrup(deputy commissioner kamrup_ida),590000.0,1,1,2026-06-23,2026-06-23
construction of community centers and community halls|ajmer(district collector ajmer_ida),5408719.0,115,99,2026-04-04,2026-08-27
"construction of roads, link roads, pathways or any other road with or without drainage system|sirmaur(deputy commissioner sirmour_ida)",593398.0,2,2,2026-04-18,2026-07-28
construction of common work sheds/ common covered sitting area|sabar kantha(district collector sabarkantha_ida),500000.0,1,1,2026-08-24,2026-08-24
purchase of other aids / devices required for p/ m/ v/ h impaired for differently abled persons|shivamogga(deputy commissioner shimoga_ida),140000.0,2,1,2026-06-12,2026-06-12
construction of bus-sheds or bus-stops|kachchh(district collector kutch_ida),200000.0,1,1,2026-05-20,2026-05-20
tree plantation for community|udaipur(district collector udaipur_ida),92800.0,1,1,2026-05-04,2026-05-04
purchase of non-conventional energy system and devices for community use|hooghly(district magistrate hooghly_ida),1299000.0,1,1,2026-08-13,2026-08-13
construction of additional rooms and halls in the existing public and community building|kurukshetra(deputy commissioner kurukshetra_ida),333457.0,1,1,2026-05-12,2026-05-12
"construction of flood control embankments/ protection walls along riverbanks, hilltops, roadsides|jamnagar(district collector jamnagar_ida)",499910.0,1,1,2026-04-15,2026-04-15
purchase of furniture and fixtures for educational purposes|ajmer(district collector ajmer_ida),99991.0,1,1,2026-05-07,2026-05-07
construction of buildings for sports facilities|murshidabad(district magistrate murshidabad_ida),524312.0,1,1,2026-06-15,2026-06-15
construction of rooms and halls in school and colleges|satna(district collector satna_ida),403000.0,1,1,2026-06-18,2026-06-18
providing drains and gutters for public drainage|malda(district magistrate malda_ida),1463573.0,1,1,2026-06-17,2026-06-17
"construction of roads, link roads, pathways or any other road with or without drainage system|gonda(district magistrate gonda_ida)",3805187.0,13,7,2026-05-04,2026-08-25
development of playfields and sports grounds|s.a.s nagar(deputy commissioner sahibzada ajit singh nagar mohali_ida),42400.0,1,1,2026-08-24,2026-08-24
establishing public ground water recharging facilities|jhunjhunu(district collector jhunjhunu_ida),249970.0,1,1,2026-05-11,2026-05-11
"construction of rooms and facilities for hospitals, fwc , phc centers and anm centers|vizianagaram(district collector vizianagaram_ida)",500000.0,2,1,2026-07-18,2026-08-11
construction of boundary walls of existing public and community buildings|jagitial(district collector jagtial_ida),268220.0,1,1,2026-05-19,2026-05-19
construction of common work sheds/ common covered sitting area|chandigarh(deputy commissioner zilla parishad chandigarh_ida),1068711.0,3,1,2026-08-12,2026-08-18
installation of fixed garden gym equipment|bathinda(deputy commissioner bhatinda_ida),235021.0,1,1,2026-07-14,2026-07-14
crematoriums/energy efficient crematoriums or structures on burial/cremation ground|barnala(deputy commissioner barnala_ida),214740.0,3,3,2026-08-10,2026-08-10
"construction of roads, link roads, pathways or any other road with or without drainage system|mathura(district magistrae mathura_ida)",1392400.0,2,1,2026-08-17,2026-08-17
installing tube-wells and borewells|alwar(district collector alwar_ida),368194.0,1,1,2026-05-07,2026-05-07
providing garbage collection and disposal systems|surat(district collector surat_ida),908000.0,1,1,2026-06-18,2026-06-18
"construction of roads, link roads, pathways or any other road with or without drainage system|malappuram(district collector malappuram_ida)",3265228.0,9,8,2026-05-16,2026-08-06
"construction of roads, link roads, pathways or any other road with or without drainage system|jalna(district collector jalna_ida)",495234.0,1,1,2026-06-24,2026-06-24
construction of footpaths and pedestrian ways|tehri garhwal(district magistrate tehri garhwal_ida),1483412.0,3,3,2026-04-24,2026-06-18
development of public parks|north west(commissioner north west),304849.0,1,1,2026-05-19,2026-05-19
construction of bus-sheds or bus-stops|tiruchirappalli(district collector tiruchirappalli_ida),999011.0,1,1,2026-08-10,2026-08-10
setting up of kitchen and pantries|hoshiarpur(deputy commissioner hoshiarpur_ida),22001.0,4,2,2026-05-11,2026-06-24
construction of additional rooms and halls in the existing public and community building|banas kantha(district collector banas kantha_ida),300000.0,1,1,2026-08-01,2026-08-01
"construction of roads, link roads, pathways or any other road with or without drainage system|vav-tharad(district collector vav-tharad)",499807.0,1,1,2026-08-27,2026-08-27
"construction of flood control embankments/ protection walls along riverbanks, hilltops, roadsides|chamba(deputy commissioner chamba_ida)",240000.0,3,2,2026-04-07,2026-08-13
construction of road under bridge|prayagraj(district magistrae allahabad_ida),2032924.0,4,2,2026-07-20,2026-08-27
construction of community centers and community halls|kullu(deputy commissioner kullu_ida),500000.0,2,2,2026-08-03,2026-08-26
construction of rooms and halls in school and colleges|fatehpur(district magistrate fatehpur_ida),1200000.0,2,2,2026-06-19,2026-06-20
installing tube-wells and borewells|sri sathya sai(district collector sri sathya sai_ida),313189.0,1,1,2026-04-14,2026-04-14
construction of culverts and bridges|bastar(district collector bastar_ida),225000.0,1,1,2026-08-13,2026-08-13
construction of community centers and community halls|sikar(district collector sikar_ida),575688.0,1,1,2026-05-22,2026-05-22
construction of buildings for sports facilities|hyderabad(district collector hyderabad_ida),1487270.0,1,1,2026-08-05,2026-08-05
construction of community centers and community halls|chikkamagaluru(deputy commissioner chikmagalur),500000.0,2,1,2026-06-18,2026-07-28
lighting of public spaces|chikkaballapura(deputy commissioner chickkaballapur_ida),125000.0,1,1,2026-08-27,2026-08-27
construction of culverts and bridges|jammu(deputy commissioner jammu_ida),324500.0,1,1,2026-04-22,2026-04-22
providing supply pipelines for drinking water|y.s.r. kadapa(district collector cuddapah_ida),109235.0,1,1,2026-08-19,2026-08-19
"construction of roads, link roads, pathways or any other road with or without drainage system|ballia(district magistrae ballia_ida)",898254.0,1,1,2026-07-17,2026-07-17
improvement of electricity distribution infrastructure|sagar(district collector sagar_ida),465157.0,3,1,2026-07-23,2026-07-30
construction of common work sheds/ common covered sitting area|paschim medinipur(district magistrate paschim medinipur_ida),603860.0,1,1,2026-08-17,2026-08-17
establishing public lift irrigation projects|ernakulam(district collector ernakulam_ida),74498.0,1,1,2026-07-02,2026-07-02
installing tube-wells and borewells|vikarabad(district collector vikarabad_2),732716.0,4,2,2026-05-08,2026-07-07
crematoriums/energy efficient crematoriums or structures on burial/cremation ground|hoshiarpur(deputy commissioner hoshiarpur_ida),180807.0,6,3,2026-05-15,2026-07-27
"construction of rooms and halls in school and colleges|saitual(dy. commissioners office, saitual)",750000.0,1,1,2026-08-28,2026-08-28
"construction of flood control embankments/ protection walls along riverbanks, hilltops, roadsides|narmadapuram(district collector narmadapuram_ida)",150000.0,1,1,2026-07-20,2026-07-20
construction of common work sheds/ common covered sitting area|rajouri(deputy commissioner rajouri_ida),211000.0,1,1,2026-07-07,2026-07-07
development of playfields and sports grounds|srinagar(deputy commissioner srinagar_ida),243800.0,1,1,2026-08-18,2026-08-18
construction of public libraries and reading rooms|kaithal(dc cum nodal officers mplads),767396.0,1,1,2026-06-30,2026-06-30
"construction of roads, link roads, pathways or any other road with or without drainage system|ghazipur(district magistrae ghazipur_ida)",599279.0,2,1,2026-08-24,2026-08-24
"purchase of smart boards, visual display units and projectors|chengalpattu(district collector chengalpattu_ida)",400000.0,1,1,2026-08-29,2026-08-29
crematoriums/energy efficient crematoriums or structures on burial/cremation ground|porbandar(district collector porbandar_ida),246176.0,1,1,2026-07-17,2026-07-17
construction of community centers and community halls|jagitial(district collector jagtial_ida),2400160.0,8,6,2026-04-06,2026-08-11
construction of additional rooms and halls in the existing public and community building|raigarh(district collector raigarh_ida),400000.0,1,1,2026-07-30,2026-07-30
construction of common work sheds/ common covered sitting area|chhindwara(district collector chhindwara_ida),40000.0,1,1,2026-08-25,2026-08-25
construction of common work sheds/ common covered sitting area|surajpur(district collector surajpur_ida),574945.0,5,5,2026-05-29,2026-07-18
"construction of roads, link roads, pathways or any other road with or without drainage system|sangli(district collector sangli_ida)",3000000.0,3,3,2026-04-07,2026-07-27
construction of culverts and bridges|hoshiarpur(deputy commissioner hoshiarpur_ida),455728.0,11,3,2026-08-07,2026-08-07
"construction of roads, link roads, pathways or any other road with or without drainage system|rae bareli(district magistrate rae bareli_ida)",9643486.0,20,9,2026-04-09,2026-08-27
installing community drinking water plants|fazilka(deputy commissioner fazilka_ida),1396228.0,6,4,2026-08-26,2026-08-26
construction of road under bridge|tirunelveli(district collector tirunelveli_ida),1499336.0,1,1,2026-08-14,2026-08-14
construction of community centers and community halls|east garo hills(deputy commissioner east garo hills williamnagar_ida),500000.0,2,1,2026-07-01,2026-07-23
providing drains and gutters for public drainage|panipat(dc cum nodal officer mplads),1220933.0,1,1,2026-06-18,2026-06-18
"construction of roads, link roads, pathways or any other road with or without drainage system|khammam(district collector khammam_ida)",4434249.0,9,6,2026-05-20,2026-08-24
construction of bus-sheds or bus-stops|pali(district collector pali_ida),412534.0,1,1,2026-08-27,2026-08-27
"construction of roads, link roads, pathways or any other road with or without drainage system|una(deputy commissioenr una_ida)",1047939.0,10,7,2026-04-13,2026-08-27
construction of community centers and community halls|amravati(district collector amravati_ida),9958022.0,12,10,2026-04-11,2026-08-24
construction of culverts and bridges|seoni(district collector seoni_ida),1050000.0,3,3,2026-06-19,2026-07-03
construction of additional rooms and halls in the existing public and community building|jogulamba gadwal(district collector jogulamba gadwal_ida),2940046.0,6,5,2026-04-09,2026-08-07
construction of community centers and community halls|coimbatore(district collector coimbatore_ida),2000000.0,1,1,2026-08-27,2026-08-27
construction of community centers and community halls|tikamgarh(district collector tikamgarh_ida),200000.0,1,1,2026-08-19,2026-08-19
crematoriums/energy efficient crematoriums or structures on burial/cremation ground|junagadh(district collector junagadh_ida),294244.0,1,1,2026-07-23,2026-07-23
construction of water tanks|sonipat(deputy commissioner sonepat_ida),475750.0,1,1,2026-07-02,2026-07-02
construction of footpaths and pedestrian ways|uttarkashi(district collector uttarkashi_ida),105840.0,15,8,2026-04-10,2026-04-10
construction of public libraries and reading rooms|puri(district collector puri_ida),212721.0,1,1,2026-07-03,2026-07-03
crematoriums/energy efficient crematoriums or structures on burial/cremation ground|indore(district collector indore_ida),97535.0,4,2,2026-05-05,2026-05-05
construction of community centers and community halls|koraput(district collector koraput_ida),850000.0,3,2,2026-05-27,2026-07-21
construction of water tanks|medchal malkajgiri(district collector medchal malkajgiri_ida),213585.0,1,1,2026-06-19,2026-06-19
construction of additional rooms and halls in the existing public and community building|mahasamund(district collector mahasamund_ida),491700.0,1,1,2026-08-03,2026-08-03
construction of additional rooms and halls in the existing public and community building|dindigul(district collector dindigul_ida),5635000.0,4,3,2026-05-19,2026-08-18
"construction of flood control embankments/ protection walls along riverbanks, hilltops, roadsides|bhopal(district collector bhopal_ida)",1750000.0,1,1,2026-06-29,2026-06-29
installing tube-wells and borewells|bengaluru south(deputy commissioner ramanagara_ida),149597.0,1,1,2025-11-05,2025-11-05
construction of community centers and community halls|nagpur(district collector nagpur_ida),7342133.0,4,4,2026-05-14,2026-07-08
construction of footpaths and pedestrian ways|solapur(district collector solapur_ida),999752.0,1,1,2026-05-27,2026-05-27
construction of common work sheds/ common covered sitting area|udhampur(deputy commissioner udhampur_ida),182000.0,1,1,2026-06-18,2026-06-18
construction of boundary walls of existing public and community buildings|tumakuru(deputy commissioner tumkur_ida),499964.0,1,1,2026-08-14,2026-08-14
construction of night shelters for homeless|gir somnath(district collector gir somnath_ida),499742.0,1,1,2026-08-14,2026-08-14
development of playfields and sports grounds|barnala(deputy commissioner barnala_ida),45000.0,1,1,2026-08-11,2026-08-11
construction of boundary walls of existing public and community buildings|thanjavur(district collector thanjavur_ida),519506.0,1,1,2026-08-18,2026-08-18
improvement of electricity distribution infrastructure|jaipur(district collector jaipur_ida),3414008.0,3,3,2026-07-23,2026-08-24
construction of culverts and bridges|guntur(district collector guntur_ida),256039.0,1,1,2026-07-28,2026-07-28
providing drains and gutters for public drainage|rayagada(district collector rayagada_ida),500000.0,1,1,2026-06-24,2026-06-24
construction of community centers and community halls|palghar(district collector palghar_ida),2461670.0,4,2,2026-06-19,2026-06-25
construction of public toilets and bathrooms|virudhunagar(district collector virudhunagar_ida),599264.0,1,1,2026-06-30,2026-06-30
construction of community centers and community halls|purba bardhaman(district magistrate purba bardhaman_ida),1367724.0,2,1,2026-03-23,2026-08-17
construction of stadiums|hoshiarpur(deputy commissioner hoshiarpur_ida),163286.0,2,2,2026-05-11,2026-05-11
construction of community centers and community halls|khairthal-tijara(district collector khairthal tijara_ida),413050.0,1,1,2026-05-08,2026-05-08
purchase of mobile water tankers|bastar(district collector bastar_ida),1225000.0,7,7,2026-05-07,2026-05-21
installation of multi-gym equipment|narmadapuram(district collector narmadapuram_ida),100000.0,1,1,2026-08-06,2026-08-06
"construction of roads, link roads, pathways or any other road with or without drainage system|amritsar(deputy commissioner amritsar_ida)",1824625.0,10,9,2026-05-18,2026-08-25
"construction of roads, link roads, pathways or any other road with or without drainage system|yavatmal(district collector yavatmal_ida)",4458537.0,6,6,2026-06-22,2026-08-13
"construction of roads, link roads, pathways or any other road with or without drainage system|sangareddy(district collector sangareddy_ida)",5672982.0,5,5,2026-05-19,2026-08-27
improvement of electricity distribution infrastructure|parvathipuram manyam(district collector parvathipuram manyam_ida),254158.0,1,1,2026-06-23,2026-06-23
construction of buildings for community cultural activities|balodabazar-bhatapara(collector baloda bazar_ida),105317.0,1,1,2026-08-17,2026-08-17
street lights|hanumakonda(district collector hanumakonda_ida),993245.0,5,1,2026-05-22,2026-05-22
"construction of government office buildings (post office, police station, police chauki, etc.)|tiruchirappalli(district collector tiruchirappalli_ida)",998687.0,1,1,2026-08-27,2026-08-27
development of playfields and sports grounds|sikar(district collector sikar_ida),83480.0,10,10,2026-08-05,2026-08-05
construction of common work sheds/ common covered sitting area|bokaro(deputy commissioner bokaro_ida),244000.0,1,1,2026-08-27,2026-08-27
"construction of roads, link roads, pathways or any other road with or without drainage system|rewari(district commissioner rewari)",3011105.0,4,3,2026-04-07,2026-08-10
"construction of flood control embankments/ protection walls along riverbanks, hilltops, roadsides|jammu(deputy commissioner jammu_ida)",1044500.0,8,4,2026-05-14,2026-08-07
"construction of flood control embankments/ protection walls along riverbanks, hilltops, roadsides|malappuram(district collector malappuram_ida)",293676.0,1,1,2026-08-04,2026-08-04
construction of rooms and halls in school and colleges|baleshwar(district collector baleshwar_ida),500000.0,1,1,2026-08-25,2026-08-25
"construction of roads, link roads, pathways or any other road with or without drainage system|deoghar(deputy commissioner deoghar_ida)",2250000.0,14,1,2026-07-02,2026-07-13
fitting of sitting rcc benches in public places|bathinda(deputy commissioner bhatinda_ida),38400.0,1,1,2026-06-22,2026-06-22
lighting of public spaces|panipat(dc cum nodal officer mplads),4725463.0,1,1,2026-08-11,2026-08-11
construction of community centers and community halls|paschim bardhaman(district magistrate paschim bardhaman_ida),3516250.0,1,1,2026-05-27,2026-05-27
development of playfields and sports grounds|sehore(district collector sehore_ida),250000.0,1,1,2026-05-29,2026-05-29
providing drains and gutters for public drainage|kheda(district collector kheda_ida),497849.0,1,1,2026-08-24,2026-08-24
"construction of roads, link roads, pathways or any other road with or without drainage system|balangir(district collector bolangir_ida)",300000.0,1,1,2026-04-10,2026-04-10
construction of buildings for community cultural activities|korba(collector-korba),799233.0,4,3,2026-04-13,2026-08-27
construction of common work sheds/ common covered sitting area|sehore(district collector sehore_ida),700000.0,3,2,2026-04-16,2026-06-22
renovation of ponds and lakes|deoghar(deputy commissioner deoghar_ida),450000.0,3,1,2026-07-02,2026-07-13
construction of rooms and halls in school and colleges|bidar(deputy commissioner bidar_ida),375000.0,1,1,2026-07-22,2026-07-22
construction of foot over bridge (fob)|mandi(deputy commissioner mandi_ida),60000.0,1,1,2026-08-24,2026-08-24
construction of additional rooms and halls in the existing public and community building|tumakuru(deputy commissioner tumkur_ida),499578.0,1,1,2026-07-06,2026-07-06
purchase of training equipment|mokokchung(deputy commissioner mokokchung_ida),7800000.0,1,1,2026-06-24,2026-06-24
construction of community centers and community halls|korba(collector-korba),185000.0,2,2,2026-06-15,2026-07-10
improvement of electricity distribution infrastructure|adilabad(district collector adilabad_ida),285000.0,1,1,2026-06-20,2026-06-20
"construction of roads, link roads, pathways or any other road with or without drainage system|azamgarh(district magistrate azamgarh_ida)",22196418.0,18,11,2026-05-18,2026-08-22
construction of community centers and community halls|rajsamand(district collector rajsamand_ida),3307717.0,6,5,2026-04-24,2026-08-25
installing community drinking water plants|deoria(district magistrate deoria),671184.0,6,1,2026-06-19,2026-06-19
crematoriums/energy efficient crematoriums or structures on burial/cremation ground|rewari(district commissioner rewari),944126.0,1,1,2026-08-07,2026-08-07
construction of public toilets and bathrooms|kamareddy(district collector kamareddy_ida),198652.0,1,1,2026-07-01,2026-07-01
"construction of roads, link roads, pathways or any other road with or without drainage system|perambalur(district collector perambalur_ida)",382845.0,1,1,2026-08-18,2026-08-18
street lights|purba bardhaman(district magistrate purba bardhaman_ida),559116.0,1,1,2026-07-21,2026-07-21
construction of public toilets and bathrooms|panch mahals(district collector panchmahals_ida),100000.0,1,1,2026-08-29,2026-08-29
lighting of public spaces|balotra(district collector balotra_ida),499994.0,2,1,2026-05-05,2026-07-30
"construction of roads, link roads, pathways or any other road with or without drainage system|banka(district planning officer banka_ida)",991789.0,1,1,2026-06-18,2026-06-18
"construction of community centers and community halls|sribhumi(deputy commissioner , karimganj)",2535607.0,4,3,2026-08-05,2026-08-19
"construction of government office buildings (post office, police station, police chauki, etc.)|kancheepuram(district collector kancheepuram_ida)",2797900.0,2,2,2026-05-15,2026-05-18
construction of culverts and bridges|mandi(deputy commissioner mandi_ida),300000.0,2,2,2026-08-24,2026-08-24
installing tube-wells and borewells|gurugram(dc cum nodal officer mplads_5),549337.0,2,2,2026-05-13,2026-05-13
construction of boundary walls of existing public and community buildings|sivasagar(deputy commissioner sivsagar_ida),83697.0,1,1,2026-05-20,2026-05-20
crematoriums/energy efficient crematoriums or structures on burial/cremation ground|guntur(district collector guntur_ida),264993.0,1,1,2026-07-28,2026-07-28
"construction of roads, link roads, pathways or any other road with or without drainage system|churachandpur(deputy commissioner churachandpur mplads_ida)",1200000.0,2,1,2026-04-08,2026-07-09
"purchase of prosthetics, wheel chairs, tricycles (manual or motorized), elect scooties, hearing aids|north goa(district collector north goa_ida)",61425.0,1,1,2026-08-11,2026-08-11
"construction of roads, link roads, pathways or any other road with or without drainage system|mahasamund(district collector mahasamund_ida)",1100000.0,4,3,2026-07-09,2026-07-17
"construction of roads, link roads, pathways or any other road with or without drainage system|rajkot(district collector rajkot_ida)",1954104.0,5,4,2026-05-15,2026-08-18
"purchase of prosthetics, wheel chairs, tricycles (manual or motorized), elect scooties, hearing aids|shivamogga(deputy commissioner shimoga_ida)",170000.0,1,1,2026-06-15,2026-06-15
"construction of government office buildings (post office, police station, police chauki, etc.)|viluppuram(district collector villupuram_ida)",6976110.0,2,1,2026-05-11,2026-06-10
"purchase of it systems, including hardware and software for educational purposes|lakshadweep district(collector cum dev commissioner lakshadweep_ida)",1099975.0,1,1,2026-08-04,2026-08-04
"construction of roads, link roads, pathways or any other road with or without drainage system|hamirpur(deputy commissioner hamirpur_ida)",100000.0,1,1,2026-03-23,2026-03-23
construction of community centers and community halls|chamarajanagar(deputy commissioner chamarajnagar_ida),499684.0,1,1,2026-06-20,2026-06-20
"construction of roads, link roads, pathways or any other road with or without drainage system|bara banki(district magistrate barabanki_ida)",4445408.0,3,2,2026-06-12,2026-07-14
construction of culverts and bridges|porbandar(district collector porbandar_ida),732322.0,2,2,2026-04-07,2026-07-08
construction of community centers and community halls|vizianagaram(district collector vizianagaram_ida),478273.0,1,1,2026-08-06,2026-08-06
"providing sports equipment, except consumable items|baramulla(deputy commissioner baramullah_ida)",530600.0,3,2,2026-07-14,2026-07-15
construction of footpaths and pedestrian ways|surat(district collector surat_ida),899742.0,2,2,2026-05-04,2026-06-19
construction of public toilets and bathrooms|rajsamand(district collector rajsamand_ida),292199.0,1,1,2026-07-21,2026-07-21
construction of rooms and halls in school and colleges|thoothukkudi(district collector thoothukudi_ida),3180818.0,2,2,2026-05-29,2026-07-13
providing drains and gutters for public drainage|purba medinipur(district magistrate purba medinipur_ida),349504.0,1,1,2026-07-09,2026-07-09
renovation of ponds and lakes|rajkot(district collector rajkot_ida),712994.0,1,1,2026-06-25,2026-06-25
purchase of books and periodicals for libraries/digitization of library books|mandla(district collector mandla_ida),500000.0,1,1,2026-05-20,2026-05-20
providing supply pipelines for drinking water|jayashankar bhupalapally(district collector jayashankar bhupalpally_ida),199222.0,1,1,2026-05-20,2026-05-20
construction of buildings for community cultural activities|barpeta(deputy commissioner barpeta 1),480000.0,2,2,2026-08-07,2026-08-18
construction of community centers and community halls|marigaon(district development commissioner morigaon),118257.0,1,1,2026-08-28,2026-08-28
street lights|dharashiv(district collector osmanabad_ida),999999.0,1,1,2026-06-22,2026-06-22
construction of toilet blocks|dr. b.r. ambedkar konaseema(district collector dr b r ambedkar konaseema_ida),498909.0,1,1,2026-04-08,2026-04-08
"construction of roads, link roads, pathways or any other road with or without drainage system|mansa(deputy commissioner mansa_ida)",1089298.0,17,3,2026-05-04,2026-06-16
installing community drinking water plants|dharwad(deputy commissioner dharwar_ida),417642.0,1,1,2026-08-05,2026-08-05
construction of public libraries and reading rooms|ambala(deputy commissioner ambala_ida),740058.0,1,1,2026-08-05,2026-08-05
construction of buildings for multi-gym|hoshiarpur(deputy commissioner hoshiarpur_ida),169603.0,8,5,2026-04-06,2026-08-07
"providing sports equipment, except consumable items|sonipat(deputy commissioner sonepat_ida)",42168.0,1,1,2026-06-19,2026-06-19
construction of boundary walls of existing public and community buildings|sabar kantha(district collector sabarkantha_ida),400000.0,1,1,2026-08-24,2026-08-24
providing drains and gutters for public drainage|gurdaspur(deputy commissioner gurdaspur_ida),180000.0,1,1,2026-08-19,2026-08-19
purchase of mobile water tankers|s.a.s nagar(deputy commissioner sahibzada ajit singh nagar mohali_ida),594359.0,2,2,2026-04-09,2026-08-10
construction of community centers and community halls|udham singh nagar(district magistrate udhamsingh nagar_ida),496778.0,3,2,2026-06-18,2026-08-21
"construction of roads, link roads, pathways or any other road with or without drainage system|pandhurna(district collector pandhurna_ida)",1710394.0,5,3,2026-05-12,2026-08-27
construction of buildings for community cultural activities|dharwad(deputy commissioner dharwar_ida),3868353.0,9,8,2026-07-29,2026-08-28
"providing sports equipment, except consumable items|sikar(district collector sikar_ida)",300000.0,1,1,2026-07-24,2026-07-24
providing drains and gutters for public drainage|ambala(deputy commissioner ambala_ida),354253.0,1,1,2026-08-13,2026-08-13
"purchase of prosthetics, wheel chairs, tricycles (manual or motorized), elect scooties, hearing aids|ballia(district magistrae ballia_ida)",200000.0,1,1,2026-08-14,2026-08-14
construction of community centers and community halls|raichur(deputy commissioner raichur_ida),113649.0,1,1,2026-08-21,2026-08-21
development of playground|bankura(district magistrate bankura_ida),2774787.0,1,1,2026-05-19,2026-05-19
construction of boundary walls of existing public and community buildings|kamrup metro(deputy commissioner kamrup metropolitan_ida),1200000.0,3,3,2026-07-02,2026-08-28
installing tube-wells and borewells|morbi(district collector morbi_ida),79883.0,2,2,2026-07-06,2026-07-10
crematoriums/energy efficient crematoriums or structures on burial/cremation ground|jalna(district collector jalna_ida),1492483.0,2,2,2026-04-17,2026-08-10
construction of community centers and community halls|bidar(deputy commissioner bidar_ida),371250.0,1,1,2026-07-15,2026-07-15
improvement of electricity distribution infrastructure|fatehabad(deputy commissioner fatehabad),291998.0,2,1,2026-08-24,2026-08-24
installing community drinking water plants|agra(district magistrae agra_ida),594943.0,9,1,2026-08-26,2026-08-26
street lights|eluru(district collector eluru_ida),1958636.0,4,1,2026-07-08,2026-07-29
construction of rooms and halls in school and colleges|balotra(district collector balotra_ida),159105.0,18,18,2026-05-14,2026-05-14
"construction of cycle tracks, cycle stand and segregated non-motorized vehicle (nmv) lanes|nagapattinam(district collector nagapattinam_4)",999193.0,1,1,2026-05-21,2026-05-21
construction of additional rooms and halls in the existing public and community building|narsimhapur(district collector narsinghpur_ida),120000.0,1,1,2026-05-06,2026-05-06
purchase of mobile water tankers|sagar(district collector sagar_ida),3319262.0,22,1,2026-08-27,2026-08-27
construction of bus-sheds or bus-stops|chittoor(district collector chittoor_ida),783188.0,2,2,2026-06-20,2026-06-23
construction of water tanks|coimbatore(district collector coimbatore_ida),6229568.0,4,4,2026-07-15,2026-07-27
construction of common work sheds/ common covered sitting area|vadodara(district collector vadodara_ida),1784171.0,4,4,2026-04-10,2026-08-20
"construction of roads, link roads, pathways or any other road with or without drainage system|rewa(district collector rewa_ida)",675000.0,2,2,2026-08-20,2026-08-21
construction of rainwater harvesting structures|ramanathapuram(district collector ramanathapuram_ida),1109072.0,1,1,2026-05-18,2026-05-18
lighting of public spaces|bharuch(district collector broach_ida),160000.0,2,1,2026-05-04,2026-05-04
construction of community centers and community halls|jaipur(district collector jaipur_ida),1970809.0,2,2,2026-07-08,2026-07-27
providing drains and gutters for public drainage|gondia(district collector gondia_ida),347698.0,1,1,2026-06-29,2026-06-29
purchase of mobile water tankers|hisar(deputy commissioner hissar_ida),9240000.0,56,1,2026-06-23,2026-08-27
"construction of roads, link roads, pathways or any other road with or without drainage system|guntur(district collector guntur_ida)",4066198.0,13,10,2026-04-27,2026-08-27
purchase of hospital equipment|north 24 parganas(district magistrate north twenty four parganas_ida),800000.0,2,2,2026-06-23,2026-06-23
"setting up processing plants, cold storages,etc for fish and fisheries products for community use|east khasi hills(deputy commissioner, east khasi hills district)",250000.0,1,1,2026-06-11,2026-06-11
"construction of culverts and bridges|ranipet(district collector, ranipet_2)",1500000.0,1,1,2026-06-29,2026-06-29
development of public parks|rohtas(district planning officer rohtas_ida),312973.0,1,1,2026-08-10,2026-08-10
"construction of roads, link roads, pathways or any other road with or without drainage system|sirohi(district collector sirohi_ida)",292626.0,3,3,2026-07-02,2026-07-02
purchase of sports equipment|south goa(district collector south goa_ida),134600.0,1,1,2026-05-07,2026-05-07
crematoriums/energy efficient crematoriums or structures on burial/cremation ground|panchkula(drda panchkula),143055.0,1,1,2026-06-18,2026-06-18
providing drains and gutters for public drainage|junagadh(district collector junagadh_ida),468843.0,2,2,2026-05-15,2026-08-21
construction of public irrigation facilities|poonch(deputy commissioner poonch_ida),1013000.0,1,1,2026-05-15,2026-05-15
construction of community centers and community halls|hoshiarpur(deputy commissioner hoshiarpur_ida),1462733.0,27,15,2026-04-03,2026-08-08
establishing public lift irrigation projects|dahod(district collector dohad_ida),494366.0,1,1,2026-06-24,2026-06-24
construction of community centers and community halls|nizamabad(district collector nizamabad_ida),2036543.0,5,4,2026-05-13,2026-07-09
providing supply pipelines for drinking water|barmer(district collector barmer_ida),272224.0,1,1,2026-05-22,2026-05-22
purchase of books and periodicals for libraries/digitization of library books|rohtas(district planning officer rohtas_ida),4975000.0,1,1,2026-07-10,2026-07-10
construction of culverts and bridges|jashpur(district collector jashpur_ida),1499650.0,2,2,2026-06-24,2026-07-09
"construction of roads, link roads, pathways or any other road with or without drainage system|chirang(deputy commissioner chirang_ida)",100000.0,1,1,2026-08-28,2026-08-28
purchase of non-conventional energy system and devices for community use|murshidabad(district magistrate murshidabad_ida),887155.0,1,1,2026-08-06,2026-08-06
construction of community centers and community halls|tenkasi(district collector tenkasi_ida),2276861.0,1,1,2026-07-07,2026-07-07
street lights|mansa(deputy commissioner mansa_ida),49205.0,2,2,2026-08-17,2026-08-17
"construction of roads, link roads, pathways or any other road with or without drainage system|thiruvananthapuram(district collector thiruvananthapuram_ida)",3602009.0,6,6,2026-06-25,2026-07-15
purchase of hospital equipment|kottayam(district collector kottayam_ida),1013550.0,2,2,2026-06-27,2026-07-24
providing drains and gutters for public drainage|patiala(deputy commissioner patiala_ida),106332.0,4,2,2026-08-19,2026-08-19
"construction of roads, link roads, pathways or any other road with or without drainage system|bhavnagar(district collector bhavnagar_ida)",3184168.0,8,8,2026-05-05,2026-07-21
construction of rooms and halls in school and colleges|raipur(district collector raipur_ida),446691.0,1,1,2026-08-07,2026-08-07
construction of community centers and community halls|mandya(deputy commissioner mandya_ida),2490000.0,8,2,2026-03-06,2026-08-14
construction of culverts and bridges|balrampur-ramanujganj(district collector balrampur_ida),2700000.0,3,3,2026-04-09,2026-04-13
construction of boundary walls of existing public and community buildings|jhunjhunu(district collector jhunjhunu_ida),106120.0,8,8,2026-04-15,2026-04-15
construction of common work sheds/ common covered sitting area|ranchi(deputy commissioner ranchi_ida),229600.0,3,1,2026-05-30,2026-08-28
construction of bus-sheds or bus-stops|khowai(district magistrate and collector khowai_ida),9995000.0,5,1,2026-07-29,2026-07-29
construction of bus-sheds or bus-stops|sivaganga(district collector sivaganga_ida),599644.0,1,1,2026-05-19,2026-05-19
improvement of electricity distribution infrastructure|churu(district collector churu_ida),151449.0,1,1,2026-08-20,2026-08-20
"construction of government office buildings (post office, police station, police chauki, etc.)|virudhunagar(district collector virudhunagar_ida)",2499292.0,2,2,2026-05-13,2026-07-31
construction of community centers and community halls|patiala(deputy commissioner patiala_ida),211922.0,5,4,2026-04-22,2026-08-07
purchase of vans and buses for educational institutions|kannur(district collector kannur_ida),168164.0,2,2,2026-05-08,2026-08-20
construction of community centers and community halls|seoni(district collector seoni_ida),375000.0,1,1,2026-06-20,2026-06-20
construction of community centers and community halls|khordha(district collector khordha_ida),1095692.0,5,5,2026-08-21,2026-08-25
providing drains and gutters for public drainage|mumbai suburban(district collector mumbai suburban_ida),1500000.0,1,1,2026-08-04,2026-08-04
construction of buildings for community cultural activities|tikamgarh(district collector tikamgarh_ida),600000.0,1,1,2026-08-18,2026-08-18
construction of bus-sheds or bus-stops|nagapattinam(district collector nagapattinam_4),4599435.0,2,2,2026-06-12,2026-06-22
construction of common work sheds/ common covered sitting area|purba bardhaman(district magistrate purba bardhaman_ida),133961.0,1,1,2026-08-11,2026-08-11
purchase of furniture and fixtures for educational purposes|lakshadweep district(collector cum dev commissioner lakshadweep_ida),870000.0,2,1,2026-05-09,2026-05-09
"construction of roads, link roads, pathways or any other road with or without drainage system|pratapgarh(district magistrae pratapgarh_ida)",12087715.0,25,7,2026-05-11,2026-08-03
setting up of kitchen and pantries|patiala(deputy commissioner patiala_ida),65907.0,5,4,2026-06-22,2026-07-30
construction of community centers and community halls|puri(district collector puri_ida),3029707.0,16,13,2026-04-07,2026-08-28
"purchase of ambulances (four, three and two wheelers)|junagadh(district collector junagadh_ida)",2000000.0,1,1,2026-06-25,2026-06-25
"construction of roads, link roads, pathways or any other road with or without drainage system|latehar(deputy commissioner latehar_ida)",3979347.0,16,2,2026-04-23,2026-07-18
construction of buildings for community cultural activities|saraikela kharsawan(deputy commissioner saraikela_ida),1124025.0,1,1,2026-08-08,2026-08-08
purchase of furniture and fixtures for educational purposes|jamui(district planning officer jamui_ida),29998800.0,120,1,2026-04-04,2026-08-25
construction of buildings for crèches and anganwadies|bengaluru urban(deputy commissioner bangalore urban_ida),2250000.0,1,1,2026-05-18,2026-05-18
crematoriums/energy efficient crematoriums or structures on burial/cremation ground|amravati(district collector amravati_ida),1294648.0,2,2,2026-04-16,2026-05-29
construction of community centers and community halls|mohla-manpur-ambagarh chouki(collector mmc_ida),100000.0,1,1,2026-08-22,2026-08-22
"construction of roads, link roads, pathways or any other road with or without drainage system|banas kantha(district collector banas kantha_ida)",2000000.0,5,5,2026-06-19,2026-08-21
"construction of roads, link roads, pathways or any other road with or without drainage system|narmada(district collector narmada_ida)",791801.0,4,4,2026-05-22,2026-08-24
crematoriums/energy efficient crematoriums or structures on burial/cremation ground|amritsar(deputy commissioner amritsar_ida),2087820.0,19,8,2026-05-18,2026-08-07
construction of community centers and community halls|pilibhit(district magistrae pilibhit_ida),1378381.0,2,2,2026-02-23,2026-08-20
purchase of hospital equipment|ahmedabad(district collector ahmadabad_ida),16397000.0,3,3,2026-05-27,2026-07-17
construction of community centers and community halls|morbi(district collector morbi_ida),1170209.0,2,1,2026-08-21,2026-08-21
crematoriums/energy efficient crematoriums or structures on burial/cremation ground|bhilwara(district collector bhilwara_ida),499078.0,1,1,2026-07-24,2026-07-24
construction of community centers and community halls|chengalpattu(district collector chengalpattu_ida),8318099.0,3,3,2026-05-29,2026-08-28
providing supply pipelines for drinking water|jhunjhunu(district collector jhunjhunu_ida),354348.0,11,11,2026-07-10,2026-07-10
installation of multi-gym equipment|west(commissioner mcd west),165416.0,1,1,2026-05-19,2026-05-19
lighting of public spaces|bhilwara(district collector bhilwara_ida),1839201.0,9,2,2026-07-23,2026-08-05
construction of culverts and bridges|surguja(collector surguja_ida),249749.0,1,1,2026-08-14,2026-08-14
crematoriums/energy efficient crematoriums or structures on burial/cremation ground|gandhinagar(district collector gandhinagar_ida),7737422.0,1,1,2026-06-30,2026-06-30
construction of community centers and community halls|ananthapuramu(district collector anantapur_ida),7188388.0,7,4,2026-05-06,2026-08-20
construction of boundary walls of existing public and community buildings|thiruvallur(district collector tiruvallur_ida),2376424.0,2,2,2026-05-27,2026-06-23
development of public parks|birbhum(district magistrate birbhum_ida),2685218.0,1,1,2026-08-25,2026-08-25
construction of rooms and halls in school and colleges|jajpur(district collector jajpur_ida),663685.0,2,2,2026-05-19,2026-06-16
"construction of roads, link roads, pathways or any other road with or without drainage system|sribhumi(deputy commissioner , karimganj)",168340.0,1,1,2026-08-05,2026-08-05
construction of boundary walls of existing public and community buildings|annamayya(district collector annamayya_ida),449930.0,1,1,2026-08-11,2026-08-11
construction of common work sheds/ common covered sitting area|dr. b.r. ambedkar konaseema(district collector dr b r ambedkar konaseema_ida),492297.0,1,1,2026-04-08,2026-04-08
"construction of rooms and facilities for hospitals, fwc , phc centers and anm centers|mokokchung(deputy commissioner mokokchung_ida)",500000.0,1,1,2026-08-06,2026-08-06
construction of common work sheds/ common covered sitting area|almora(district magistrate almora_ida),98473.0,6,6,2026-07-03,2026-07-03
"construction of roads, link roads, pathways or any other road with or without drainage system|ernakulam(district collector ernakulam_ida)",4491222.0,6,6,2026-06-30,2026-08-18
construction of footpaths and pedestrian ways|west garo hills(deputy commissioner west garo hills_ida),1450000.0,8,6,2026-07-02,2026-07-23
installing community drinking water plants|koderma(deputy commissioner kodarma_ida),995875.0,1,1,2026-08-14,2026-08-14
construction of public libraries and reading rooms|nashik(district collector nashik_ida),995650.0,1,1,2026-07-06,2026-07-06
construction of boundary walls of existing public and community buildings|papum pare(deputy commissioner papum pare_ida),200000.0,1,1,2026-07-21,2026-07-21
construction of community centers and community halls|indore(district collector indore_ida),451215.0,2,2,2026-08-19,2026-08-19
construction of boundary walls of existing public and community buildings|nagaon(deputy commissioner nowgong_ida),299119.0,2,1,2026-08-12,2026-08-25
"purchase of hearse van (four, three and two wheelers)|howrah(district magistrate howrah_ida)",1061086.0,1,1,2026-04-06,2026-04-06
construction of boundary walls of existing public and community buildings|dakshina kannada(deputy commissioner dakshin kannad mangalore_ida),798208.0,2,2,2026-07-18,2026-08-28
"construction of community centers and community halls|east godavari(district collector, east godavari)",957766.0,1,1,2026-07-08,2026-07-08
"construction of flood control embankments/ protection walls along riverbanks, hilltops, roadsides|dakshina kannada(deputy commissioner dakshin kannad mangalore_ida)",498711.0,1,1,2026-08-19,2026-08-19
establishing public lift irrigation projects|chatra(deputy commissioner chatra_ida),150000.0,1,1,2026-08-20,2026-08-20
construction of toilet blocks|yadadri bhuvanagiri(district collector yadadri bhuvanagiri_ida),498542.0,1,1,2026-08-17,2026-08-17
construction of boundary walls of existing public and community buildings|baragada(district collector baragarh_ida),319105.0,1,1,2026-06-21,2026-06-21
construction of community centers and community halls|hyderabad(district collector hyderabad_ida),2136190.0,2,1,2026-07-20,2026-07-20
construction of community centers and community halls|sambalpur(district collector sambalpur_ida),319866.0,1,1,2026-06-18,2026-06-18
construction of buildings for multi-gym|thane(district collector thane_ida),2447691.0,1,1,2026-08-13,2026-08-13
construction of bus-sheds or bus-stops|coimbatore(district collector coimbatore_ida),599972.0,1,1,2026-08-24,2026-08-24
construction of stadiums|rupnagar(deputy commissioner roopnagar_ida),459698.0,8,6,2026-06-30,2026-08-24
"construction of roads, link roads, pathways or any other road with or without drainage system|katni(district collector katni_ida)",900000.0,2,2,2026-08-05,2026-08-27
renovation of ponds and lakes|kolkata(commissioner kolkata municipal corporation_ida),2573023.0,2,2,2026-05-13,2026-08-21
construction of rooms and halls in school and colleges|jaunpur(district magistrate jaunpur_ida),1300000.0,3,3,2026-04-06,2026-08-03
construction of rooms and halls in school and colleges|kataka(district collector cuttack_ida),1388084.0,3,2,2026-04-16,2026-08-21
construction of community centers and community halls|patan(district collector patan_ida),499107.0,1,1,2026-06-19,2026-06-19
construction of common work sheds/ common covered sitting area|west karbi anglong(district commissioner west karbi anglong),277550.0,1,1,2026-07-04,2026-07-04
"purchase of prosthetics, wheel chairs, tricycles (manual or motorized), elect scooties, hearing aids|kozhikode(district collector kozhikode_ida)",490000.0,7,1,2026-05-15,2026-05-26
construction of community centers and community halls|srikakulam(district collector srikakulam_ida),789085.0,2,2,2026-06-19,2026-07-30
construction of community centers and community halls|jajpur(district collector jajpur_ida),1417125.0,5,4,2026-04-04,2026-06-18
construction of community centers and community halls|shahpura(district collector shahpura_ida),3083910.0,95,94,2026-04-17,2026-08-25
"construction of roads, link roads, pathways or any other road with or without drainage system|nagapattinam(district collector nagapattinam_4)",999362.0,1,1,2026-05-15,2026-05-15
construction of footpaths and pedestrian ways|vadodara(district collector vadodara_ida),1025000.0,7,7,2026-05-27,2026-07-16
providing drains and gutters for public drainage|mahesana(district collector mahesana_ida),350000.0,2,2,2026-06-30,2026-07-27
construction of community centers and community halls|nalbari(deputy commissioner nalbari_ida),750239.0,5,5,2026-06-22,2026-08-19
construction of community centers and community halls|kandhamala(district collector kandhamal_ida),500000.0,1,1,2026-08-12,2026-08-12
construction of public libraries and reading rooms|gaurela-pendra-marwahi(collector gpm_ida),600000.0,1,1,2026-05-18,2026-05-18
construction of additional rooms and halls in the existing public and community building|dakshina kannada(deputy commissioner dakshin kannad mangalore_ida),499985.0,1,1,2026-07-09,2026-07-09
construction of community centers and community halls|bhandara(district collector bhandara_ida),3498635.0,5,5,2026-07-02,2026-07-17
improvement of electricity distribution infrastructure|dindori(district collector dindori_ida),516000.0,1,1,2026-08-13,2026-08-13
"construction of roads, link roads, pathways or any other road with or without drainage system|surendranagar(district collector surendranagar_ida)",6238228.0,14,14,2026-04-17,2026-08-29
installing tube-wells and borewells|shopian(deputy commissioner shopian_ida),41000.0,3,1,2026-05-20,2026-05-20
construction of boundary walls of existing public and community buildings|udalguri(deputy commissioner udalguri_ida),184294.0,1,1,2026-08-27,2026-08-27
construction of community centers and community halls|kamrup metro(deputy commissioner kamrup metropolitan_ida),780000.0,2,2,2026-07-02,2026-08-29
purchase of mobile water tankers|chhindwara(district collector chhindwara_ida),375000.0,2,2,2026-04-08,2026-05-22
lighting of public spaces|anantnag(deputy commissioner anantnag_ida),178709.0,1,1,2026-07-31,2026-07-31
construction of rooms and halls in school and colleges|barmer(district collector barmer_ida),1000000.0,2,1,2026-04-10,2026-05-22
construction of water tanks|dindigul(district collector dindigul_ida),3500000.0,1,1,2026-07-13,2026-07-13
crematoriums/energy efficient crematoriums or structures on burial/cremation ground|patiala(deputy commissioner patiala_ida),502618.0,12,10,2025-11-18,2026-08-18
fitting of sitting rcc benches in public places|thane(district collector thane_ida),499976.0,1,1,2026-08-07,2026-08-07
construction of community centers and community halls|dhar(district collector dhar_ida),500000.0,1,1,2026-06-29,2026-06-29
development of playfields and sports grounds|narsimhapur(district collector narsinghpur_ida),100000.0,1,1,2026-07-17,2026-07-17
construction of footpaths and pedestrian ways|aizawl(deputy commissioner aizawl_ida),490000.0,1,1,2026-08-13,2026-08-13
purchase of mobile water tankers|bhiwani(dc cum nodal officer mplads bhiwani),1485000.0,9,1,2026-07-23,2026-07-24
construction of footpaths and pedestrian ways|dehradun(district magistrate dehradun_ida),773790.0,8,8,2026-06-18,2026-07-14
construction of public staircase/ stair ghat for public convenience|namakkal(district collector namakkal_ida),2000000.0,1,1,2026-07-06,2026-07-06
construction of community centers and community halls|raisen(district collector raisen_ida),250000.0,1,1,2026-08-03,2026-08-03
installing tube-wells and borewells|parvathipuram manyam(district collector parvathipuram manyam_ida),996744.0,2,1,2026-07-16,2026-07-16
"purchase of prosthetics, wheel chairs, tricycles (manual or motorized), elect scooties, hearing aids|bahraich(district magistrae bahraich_ida)",168820.0,1,1,2026-04-10,2026-04-10
construction of boundary walls of existing public and community buildings|mandi(deputy commissioner mandi_ida),420000.0,2,2,2026-08-27,2026-08-29
"construction of roads, link roads, pathways or any other road with or without drainage system|raichur(deputy commissioner raichur_ida)",120178.0,1,1,2026-08-04,2026-08-04
construction of buildings for multi-gym|jhajjar(deputy commissioner cum nodal officer mplads jhajjar),730401.0,2,1,2026-07-26,2026-07-26
"construction of flood control embankments/ protection walls along riverbanks, hilltops, roadsides|mayurbhanj(district collector mayurbhanj_ida)",500000.0,1,1,2026-08-10,2026-08-10
"construction of flood control embankments/ protection walls along riverbanks, hilltops, roadsides|barpeta(deputy commissioner barpeta 1)",600000.0,1,1,2026-08-18,2026-08-18
construction of shelters for animals|pandhurna(district collector pandhurna_ida),600000.0,1,1,2026-08-05,2026-08-05
"construction of roads, link roads, pathways or any other road with or without drainage system|mumbai suburban(district collector mumbai suburban_ida)",11641156.0,6,6,2026-07-01,2026-08-19
"construction of roads, link roads, pathways or any other road with or without drainage system|khordha(district collector khordha_ida)",197324.0,1,1,2026-05-18,2026-05-18
construction of buildings for crèches and anganwadies|kanniyakumari(district collector kanniyakumari_ida),2845299.0,2,2,2026-07-06,2026-07-15
construction of community centers and community halls|betul(district collector betul_ida),75000.0,1,1,2026-08-20,2026-08-20
construction of rooms and halls in school and colleges|gonda(district magistrate gonda_ida),300000.0,1,1,2026-07-04,2026-07-04
construction of bus-sheds or bus-stops|parvathipuram manyam(district collector parvathipuram manyam_ida),301629.0,1,1,2026-07-03,2026-07-03
lighting of public spaces|sitapur(district magistrate sitapur_ida),37555443.0,12,2,2026-05-08,2026-08-24
improvement of electricity distribution infrastructure|azamgarh(district magistrate azamgarh_ida),1211313.0,2,2,2026-02-27,2026-08-07
construction of public toilets and bathrooms|mumbai suburban(district collector mumbai suburban_ida),6394209.0,3,2,2026-08-07,2026-08-19
"purchase of prosthetics, wheel chairs, tricycles (manual or motorized), elect scooties, hearing aids|wanaparthy(district collector wanaparthy_ida)",118500.0,1,1,2026-05-20,2026-05-20
construction of boundary walls of existing public and community buildings|golaghat(deputy commissioner golaghat_ida),200028.0,1,1,2026-08-27,2026-08-27
crematoriums/energy efficient crematoriums or structures on burial/cremation ground|marigaon(district development commissioner morigaon),199812.0,1,1,2026-08-28,2026-08-28
construction of community centers and community halls|faridabad(deputy commissioner faridabad_ida),857273.0,1,1,2026-06-24,2026-06-24
construction of community centers and community halls|sivaganga(district collector sivaganga_ida),2805383.0,3,3,2026-05-06,2026-08-28
construction of public staircase/ stair ghat for public convenience|srikakulam(district collector srikakulam_ida),1237900.0,2,2,2026-05-16,2026-05-22
construction of boundary walls of existing public and community buildings|ganganagar(zilla ganganagar),39550.0,1,1,2026-05-25,2026-05-25
construction of community centers and community halls|bilaspur(district collector bilaspur_ida),1358155.0,3,3,2026-05-06,2026-07-28
lighting of public spaces|pratapgarh(district magistrae pratapgarh_ida),177827.0,1,1,2026-04-02,2026-04-02
"patrolling vehicles to government institution for public conveniences, safety and security|anantnag(deputy commissioner anantnag_ida)",414000.0,1,1,2026-05-02,2026-05-02
development of public parks|south(commissioner south),1286494.0,3,1,2026-05-21,2026-06-19
construction of boundary walls of existing public and community buildings|hisar(deputy commissioner hissar_ida),610735.0,2,1,2026-06-23,2026-08-20
purchase of furniture and fixtures for educational purposes|bageshwar(district magistrate bageshwar_ida),244510.0,1,1,2026-06-17,2026-06-17
construction of buildings for community cultural activities|vijayanagara(deputy commissioner vijayanagara_ida),119696.0,1,1,2026-08-18,2026-08-18
installing tube-wells and borewells|bundi(district collector bundi_ida),846429.0,5,2,2026-05-08,2026-05-26
construction of boundary walls of existing public and community buildings|tamulpur(ida tamulpur),200000.0,1,1,2026-08-27,2026-08-27
providing supply pipelines for drinking water|sikar(district collector sikar_ida),318108.0,2,2,2026-07-24,2026-08-10
construction of water tanks|sakti(collector sakti_ida),150000.0,1,1,2026-07-31,2026-07-31
"construction of roads, link roads, pathways or any other road with or without drainage system|meerut(district magistrate meerut_ida)",1557569.0,3,3,2026-08-11,2026-08-13
construction of buildings for community cultural activities|theni(district collector theni_5),1482499.0,1,1,2026-07-13,2026-07-13
construction of toilet blocks|hooghly(district magistrate hooghly_ida),290242.0,1,1,2026-05-13,2026-05-13
"construction of roads, link roads, pathways or any other road with or without drainage system|alipurduar(district magistrate alipurduars_ida)",691676.0,2,1,2026-08-03,2026-08-03
construction of bus-sheds or bus-stops|thane(district collector thane_ida),988136.0,1,1,2026-08-25,2026-08-25
"construction of roads, link roads, pathways or any other road with or without drainage system|munger(district planning officer munger_ida)",481732.0,1,1,2026-07-01,2026-07-01
construction of common work sheds/ common covered sitting area|barnala(deputy commissioner barnala_ida),130478.0,5,4,2026-07-23,2026-08-13
lighting of public spaces|south west(commissioner mcd south west),350402.0,1,1,2026-04-09,2026-04-09
development of public parks|bengaluru urban(deputy commissioner bangalore urban_ida),499213.0,1,1,2026-07-02,2026-07-02
construction of common work sheds/ common covered sitting area|gaurela-pendra-marwahi(collector gpm_ida),180000.0,1,1,2026-08-11,2026-08-11
construction of community centers and community halls|north garo hills(deputy commissioner north garo hills resubelpara_ida),500000.0,2,1,2026-07-23,2026-08-13
purchase of furniture and fixtures for educational purposes|nainital(district magistrate nainital_ida),349125.0,3,3,2026-08-03,2026-08-13
construction of footpaths and pedestrian ways|udhampur(deputy commissioner udhampur_ida),367000.0,2,2,2026-04-08,2026-07-15
providing cctv camera system for security of public areas|ferozepur(deputy commissioner firozepur_ida),198500.0,1,1,2026-05-22,2026-05-22
street lights|mahabubabad(district collector mahabubabad_ida),5235576.0,30,3,2026-05-15,2026-07-03
construction of common work sheds/ common covered sitting area|gandhinagar(district collector gandhinagar_ida),350000.0,1,1,2026-07-16,2026-07-16
providing drains and gutters for public drainage|shahid bhagat singh nagar(deputy commissioner shahid bhagat singh nagar_ida),62962.0,3,2,2026-07-06,2026-07-06
development of public parks|fatehgarh sahib(deputy commissioner fatehgarh sahib_ida),36833.0,1,1,2026-05-18,2026-05-18
construction of public irrigation facilities|bhiwani(dc cum nodal officer mplads bhiwani),299944.0,1,1,2026-08-05,2026-08-05
construction of community centers and community halls|dakshina kannada(deputy commissioner dakshin kannad mangalore_ida),299799.0,1,1,2026-05-14,2026-05-14
purchase of sports equipment|banas kantha(district collector banas kantha_ida),2500000.0,5,1,2026-05-08,2026-05-08
crematoriums/energy efficient crematoriums or structures on burial/cremation ground|jhunjhunu(district collector jhunjhunu_ida),896382.0,9,9,2026-05-07,2026-07-24
"construction of roads, link roads, pathways or any other road with or without drainage system|narmadapuram(district collector narmadapuram_ida)",884000.0,7,6,2026-07-15,2026-08-19
"construction of roads, link roads, pathways or any other road with or without drainage system|bengaluru urban(deputy commissioner bangalore urban_ida)",6079273.0,5,4,2026-05-08,2026-07-21
"construction of roads, link roads, pathways or any other road with or without drainage system|mahabubnagar(district collector mahabubnagar_3)",498392.0,1,1,2026-05-20,2026-05-20
development of playfields and sports grounds|jhunjhunu(district collector jhunjhunu_ida),499571.0,1,1,2026-05-05,2026-05-05
construction of common work sheds/ common covered sitting area|balrampur-ramanujganj(district collector balrampur_ida),1671376.0,4,3,2026-04-09,2026-08-24
"construction of roads, link roads, pathways or any other road with or without drainage system|shrawasti(district magistrate shravasti_ida)",1865906.0,1,1,2026-05-20,2026-05-20
crematoriums/energy efficient crematoriums or structures on burial/cremation ground|srikakulam(district collector srikakulam_ida),2259834.0,4,3,2026-07-04,2026-07-30
construction of community centers and community halls|mayurbhanj(district collector mayurbhanj_ida),1709304.0,4,4,2026-06-22,2026-07-17
installing tube-wells and borewells|karimnagar(district collector karimnagar_ida),766179.0,4,3,2026-08-19,2026-08-27
construction of additional rooms and halls in the existing public and community building|birbhum(district magistrate birbhum_ida),1100000.0,1,1,2026-08-24,2026-08-24
street lights|tehri garhwal(district magistrate tehri garhwal_ida),747975.0,3,1,2026-08-01,2026-08-13
construction of artificial reef|kabeerdham(district collector kabirdham),400000.0,4,4,2026-06-25,2026-08-04
installing tube-wells and borewells|pulwama(deputy commissioner pulwama_ida),1221037.0,5,3,2026-04-06,2026-05-16
construction of water tanks|jagatsinghapur(district collector jagatsinghpur_ida),239300.0,1,1,2026-04-07,2026-04-07
crematoriums/energy efficient crematoriums or structures on burial/cremation ground|jajpur(district collector jajpur_ida),158916.0,1,1,2026-05-19,2026-05-19
construction of public toilets and bathrooms|purbi champaran(district planning officer mothihari east champaran_ida),497932.0,1,1,2026-08-24,2026-08-24
construction of public staircase/ stair ghat for public convenience|nalanda(district planning officer nalanda_ida),398826.0,1,1,2026-08-19,2026-08-19
construction of bus-sheds or bus-stops|sakti(collector sakti_ida),600000.0,1,1,2026-08-27,2026-08-27
construction of public libraries and reading rooms|kolhapur(district collector kolhapur_ida),999824.0,1,1,2026-04-20,2026-04-20
construction of additional rooms and halls in the existing public and community building|barnala(deputy commissioner barnala_ida),1463682.0,25,17,2026-05-07,2026-08-26
construction of footpaths and pedestrian ways|thane(district collector thane_ida),1488984.0,2,2,2026-07-03,2026-08-06
construction of common work sheds/ common covered sitting area|nabarangpur(district collector nabarangpur_ida),483088.0,2,2,2026-06-18,2026-06-18
"construction of roads, link roads, pathways or any other road with or without drainage system|kupwara(deputy commissioner kupwara_ida)",269000.0,2,1,2026-08-25,2026-08-25
establishing public lift irrigation projects|hoshiarpur(deputy commissioner hoshiarpur_ida),96500.0,3,3,2026-05-29,2026-06-24
construction of boundary walls of existing public and community buildings|chennai(commissioner muncipal corporation chennai_ida),5199865.0,1,1,2026-06-15,2026-06-15
"construction of roads, link roads, pathways or any other road with or without drainage system|sambhal(district magistrae bhimnagar sambhal_ida)",1405819.0,3,1,2026-08-27,2026-08-27
construction of community centers and community halls|jhunjhunu(district collector jhunjhunu_ida),222855.0,12,12,2026-05-08,2026-06-24
installing tube-wells and borewells|patiala(deputy commissioner patiala_ida),533350.0,9,6,2026-05-06,2026-08-26
providing drains and gutters for public drainage|nagpur(district collector nagpur_ida),2661668.0,3,2,2026-06-17,2026-08-24
lighting of public spaces|lucknow(district magistrae lucknow_ida),2492131.0,2,1,2026-04-12,2026-06-18
construction of community centers and community halls|charaideo(deputy commissioner charaideo_ida),228021.0,4,3,2026-08-28,2026-08-29
construction of common work sheds/ common covered sitting area|mumbai suburban(district collector mumbai suburban_ida),7953154.0,4,4,2026-04-09,2026-08-06
construction of boundary walls of existing public and community buildings|kandhamala(district collector kandhamal_ida),300000.0,1,1,2026-08-12,2026-08-12
"construction of roads, link roads, pathways or any other road with or without drainage system|poonch(deputy commissioner poonch_ida)",1034000.0,2,2,2026-05-22,2026-07-13
construction of rooms and halls in school and colleges|kushinagar(district magistrate kushinagar padrauna_ida),300000.0,1,1,2026-05-15,2026-05-15
construction of culverts and bridges|shahdol(district collector shahdol_ida),750000.0,1,1,2026-06-22,2026-06-22
fitting of sitting rcc benches in public places|moga(deputy commissioner moga),150000.0,1,1,2026-08-25,2026-08-25
"construction of roads, link roads, pathways or any other road with or without drainage system|kolhapur(district collector kolhapur_ida)",9680530.0,9,8,2026-04-17,2026-08-11
construction of rooms and halls in school and colleges|hoshiarpur(deputy commissioner hoshiarpur_ida),320557.0,7,6,2026-04-27,2026-07-13
construction of boundary walls of existing public and community buildings|amritsar(deputy commissioner amritsar_ida),452407.0,6,3,2026-05-06,2026-06-23
development of public parks|sonipat(deputy commissioner sonepat_ida),355724.0,1,1,2026-06-30,2026-06-30
installing tube-wells and borewells|jajpur(district collector jajpur_ida),99544.0,1,1,2026-06-29,2026-06-29
"construction of flood control embankments/ protection walls along riverbanks, hilltops, roadsides|kheda(district collector kheda_ida)",450000.0,1,1,2026-04-10,2026-04-10
lighting of public spaces|rae bareli(district magistrate rae bareli_ida),158500.0,1,1,2026-01-23,2026-01-23
purchase of mobile water tankers|sukma(collector sukma_ida),249998.0,1,1,2026-07-16,2026-07-16
"retrofitting, preservation or conservation of heritage and archaeological monuments and buildings|mokokchung(deputy commissioner mokokchung_ida)",1100000.0,1,1,2026-08-06,2026-08-06
purchase of hospital equipment|rajsamand(district collector rajsamand_ida),297926.0,1,1,2026-07-10,2026-07-10
construction of buildings for crèches and anganwadies|kancheepuram(district collector kancheepuram_ida),1008088.0,1,1,2026-06-16,2026-06-16
purchase of mobile sanitation equipment|bhiwani(dc cum nodal officer mplads bhiwani),68250.0,1,1,2026-08-01,2026-08-01
construction of rooms and halls in school and colleges|west singhbhum(deputy commissioner west singhbhum_ida),2128875.0,2,1,2026-05-19,2026-05-19
construction of buildings for community cultural activities|narsimhapur(district collector narsinghpur_ida),100000.0,1,1,2026-07-17,2026-07-17
construction of community centers and community halls|dima hasao(deputy commissioner dima hasao_ida),4998740.0,2,2,2026-08-09,2026-08-09
construction of public libraries and reading rooms|gondia(district collector gondia_ida),1498480.0,2,2,2026-06-22,2026-07-01
improvement of electricity distribution infrastructure|burhanpur(district collector burhanpur_ida),862006.0,1,1,2026-06-30,2026-06-30
"construction of rooms and facilities for hospitals, fwc , phc centers and anm centers|howrah(district magistrate howrah_ida)",176495.0,1,1,2026-08-19,2026-08-19
construction of public staircase/ stair ghat for public convenience|giridih(deputy commissioner giridh_ida),349924.0,1,1,2026-06-20,2026-06-20
street lights|srinagar(deputy commissioner srinagar_ida),682.0,1,1,2026-03-31,2026-03-31
construction of community centers and community halls|udalguri(deputy commissioner udalguri_ida),403300.0,2,2,2026-07-08,2026-08-25
construction of bus-sheds or bus-stops|tirupathur(district collector tirupathur_ida),6596347.0,7,3,2026-04-28,2026-08-10
"construction of roads, link roads, pathways or any other road with or without drainage system|raigad(district collector raigad_ida)",1000000.0,2,2,2026-04-10,2026-07-13
"construction of roads, link roads, pathways or any other road with or without drainage system|dharashiv(district collector osmanabad_ida)",1991086.0,2,2,2026-05-04,2026-05-25
development of playfields and sports grounds|baramulla(deputy commissioner baramullah_ida),153497.0,1,1,2026-06-25,2026-06-25
"construction of roads, link roads, pathways or any other road with or without drainage system|gaya(district planning officer gaya_ida)",2082810.0,2,2,2026-08-27,2026-08-27
construction of buildings for community cultural activities|jabalpur(district collector jabalpur_ida),739754.0,2,1,2026-06-23,2026-08-20
purchase of furniture and fixtures for educational purposes|araria(district planning officer araria_ida),22288000.0,28,1,2026-07-15,2026-08-01
construction of common work sheds/ common covered sitting area|dhamtari(district collector dhamtari_ida),500000.0,1,1,2026-08-04,2026-08-04
"construction of roads, link roads, pathways or any other road with or without drainage system|palakkad(district collector palakkad_ida)",16855922.0,18,14,2026-06-22,2026-08-18
construction of common work sheds/ common covered sitting area|golaghat(deputy commissioner golaghat_ida),547800.0,1,1,2026-07-23,2026-07-23
providing supply pipelines for drinking water|sri muktsar sahib(deputy commissioner sri muktsar sahib_ida),59105.0,3,2,2026-07-19,2026-07-19
crematoriums/energy efficient crematoriums or structures on burial/cremation ground|jalandhar(deputy commissioner jalandhar_ida),41209.0,2,2,2026-05-21,2026-08-28
construction of boundary walls of existing public and community buildings|patiala(deputy commissioner patiala_ida),335189.0,8,7,2026-05-14,2026-07-30
construction of boundary walls of existing public and community buildings|dudu(district collector dudu_ida),498320.0,1,1,2026-04-24,2026-04-24
"construction of roads, link roads, pathways or any other road with or without drainage system|kendujhar(district collector keonjhar_ida)",1786791.0,9,7,2026-06-18,2026-08-21
development of public parks|gurdaspur(deputy commissioner gurdaspur_ida),425180.0,1,1,2026-07-10,2026-07-10
construction of additional rooms and halls in the existing public and community building|bikaner(district collector bikaner_ida),999841.0,1,1,2026-08-25,2026-08-25
construction of buildings for crèches and anganwadies|tirupati(district collector tirupati_ida),499987.0,1,1,2026-08-01,2026-08-01
installing tube-wells and borewells|karbi anglong(deputy commissioner karbi anglong_ida),889108.0,13,3,2026-06-13,2026-08-21
construction of additional rooms and halls in the existing public and community building|churu(district collector churu_ida),603484.0,1,1,2026-06-22,2026-06-22
"construction of roads, link roads, pathways or any other road with or without drainage system|wardha(district collector wardha_ida)",3214125.0,4,3,2026-06-25,2026-08-17
"construction of roads, link roads, pathways or any other road with or without drainage system|gondia(district collector gondia_ida)",1095533.0,2,2,2026-06-29,2026-07-06
construction of community centers and community halls|sehore(district collector sehore_ida),200000.0,1,1,2026-08-10,2026-08-10
construction of footpaths and pedestrian ways|kalahandi(district collector kalahandi_ida),600000.0,1,1,2026-05-29,2026-05-29
installing tube-wells and borewells|annamayya(district collector annamayya_ida),197365.0,1,1,2026-05-02,2026-05-02
installing hand pumps|pratapgarh(district magistrae pratapgarh_ida),3503889.0,69,1,2026-01-19,2026-04-27
"construction of roads, link roads, pathways or any other road with or without drainage system|kalahandi(district collector kalahandi_ida)",3300000.0,8,3,2026-05-20,2026-08-18
construction of common work sheds/ common covered sitting area|patiala(deputy commissioner patiala_ida),580649.0,16,15,2026-04-06,2026-08-19
construction of boundary walls of existing public and community buildings|banas kantha(district collector banas kantha_ida),300000.0,1,1,2026-08-03,2026-08-03
construction of community centers and community halls|sangareddy(district collector sangareddy_ida),995186.0,1,1,2026-07-30,2026-07-30
construction of buildings for community cultural activities|shamli(district magistrate shamli_ida),1322274.0,1,1,2026-08-24,2026-08-24
construction of buildings for community cultural activities|jhalawar(district collector jhalawar_ida),401413.0,18,18,2026-07-19,2026-08-22
"construction of roads, link roads, pathways or any other road with or without drainage system|rajsamand(district collector rajsamand_ida)",1695544.0,14,14,2026-06-19,2026-08-20
construction of common work sheds/ common covered sitting area|dhubri(deputy commissioner dhubri_ida),700000.0,1,1,2026-07-23,2026-07-23
"construction of roads, link roads, pathways or any other road with or without drainage system|chikkaballapura(deputy commissioner chickkaballapur_ida)",1197640.0,8,4,2026-05-02,2026-07-30
street lights|baramulla(deputy commissioner baramullah_ida),1595200.0,3,2,2026-07-10,2026-08-21
construction of community centers and community halls|north west(commissioner north west),699698.0,1,1,2026-05-06,2026-05-06
"construction of roads, link roads, pathways or any other road with or without drainage system|ambala(deputy commissioner ambala_ida)",1000370.0,2,2,2026-08-17,2026-08-17
construction of public toilets and bathrooms|chitradurga(deputy commissioner chitradurga_ida),497484.0,1,1,2026-06-29,2026-06-29
"construction of boundary walls of existing public and community buildings|siaha(deputy commissioner, siaha)",712500.0,1,1,2026-05-14,2026-05-14
"purchase of ambulances (four, three and two wheelers)|mahesana(district collector mahesana_ida)",1430000.0,1,1,2026-07-01,2026-07-01
construction of common work sheds/ common covered sitting area|patan(district collector patan_ida),499135.0,1,1,2026-08-29,2026-08-29
fitting of sitting rcc benches in public places|bhilwara(district collector bhilwara_ida),51950.0,7,7,2026-07-14,2026-07-14
lighting of public spaces|bhadohi(district magistrate bhadohi_ida),11211580.0,104,2,2026-07-08,2026-07-10
improvement of electricity distribution infrastructure|mandsaur(district collector mandsaur_ida),499246.0,1,1,2026-06-15,2026-06-15
construction of boundary walls of existing public and community buildings|ambedkar nagar(district magistrate ambedkar nagar_ida),396749.0,1,1,2026-07-29,2026-07-29
construction of culverts and bridges|udupi(deputy commissioner udupi_ida),486039.0,1,1,2026-05-02,2026-05-02
construction of buildings for community cultural activities|shahid bhagat singh nagar(deputy commissioner shahid bhagat singh nagar_ida),62737.0,3,3,2026-05-20,2026-07-06
construction of community centers and community halls|faridkot(deputy commissioner faridkot_ida),89094.0,1,1,2026-08-25,2026-08-25
construction of buildings for community cultural activities|eluru(district collector eluru_ida),622965.0,1,1,2026-05-04,2026-05-04
"construction of flood control embankments/ protection walls along riverbanks, hilltops, roadsides|banda(district magistrate banda_ida)",492416.0,2,2,2026-05-23,2026-06-23
construction of common work sheds/ common covered sitting area|north tripura(district magistrate and collector north tripura district_ida),4316480.0,1,1,2026-07-14,2026-07-14
construction of community centers and community halls|vijayapura(deputy commissioner bijapur_ida),7954992.0,39,20,2026-05-12,2026-08-27
creation of new ponds|west karbi anglong(district commissioner west karbi anglong),149830.0,1,1,2026-08-20,2026-08-20
"construction of roads, link roads, pathways or any other road with or without drainage system|aizawl(deputy commissioner aizawl_ida)",1500000.0,2,1,2026-07-14,2026-07-28
"construction of roads, link roads, pathways or any other road with or without drainage system|basti(district magistrate basti_ida)",6420616.0,6,3,2026-04-02,2026-08-17
installing tube-wells and borewells|nizamabad(district collector nizamabad_ida),260437.0,2,2,2026-06-20,2026-07-15
construction of rooms and halls in school and colleges|goalpara(deputy commissioner goalpara_ida),300000.0,1,1,2026-08-06,2026-08-06
purchase of furniture and fixtures for educational purposes|mayiladuthurai(district collector mayiladuthurai_ida),3000000.0,5,1,2026-07-08,2026-07-09
construction of boundary walls of existing public and community buildings|warangal(district collector warangal_ida),399284.0,1,1,2026-07-04,2026-07-04
construction of rooms and halls in school and colleges|banda(district magistrate banda_ida),486230.0,1,1,2026-07-27,2026-07-27
construction of footpaths and pedestrian ways|sirmaur(deputy commissioner sirmour_ida),400000.0,3,2,2026-01-05,2026-07-28
"construction of roads, link roads, pathways or any other road with or without drainage system|banda(district magistrate banda_ida)",993473.0,3,2,2026-05-19,2026-08-09
construction of community centers and community halls|ri bhoi(deputy commissioner ribhoi nongpoh_ida),300000.0,2,2,2026-05-01,2026-05-01
construction of boundary walls of existing public and community buildings|yamunanagar(deputy commissioner yamunanagar_ida),74787.0,1,1,2026-08-27,2026-08-27
construction of boundary walls of existing public and community buildings|narayanpet(district collector narayanpet_ida),497884.0,1,1,2026-07-22,2026-07-22
development of public parks|ratlam(district collector ratlam_ida),2202571.0,1,1,2026-07-06,2026-07-06
construction of community centers and community halls|barnala(deputy commissioner barnala_ida),484855.0,1,1,2026-06-22,2026-06-22
construction of rooms and halls in school and colleges|gorakhpur(district magistrate gorakhpur_ida),456500.0,1,1,2026-07-18,2026-07-18
construction of buildings for training institutions|tumakuru(deputy commissioner tumkur_ida),750000.0,1,1,2026-08-05,2026-08-05
construction of rooms and halls in school and colleges|ludhiana(deputy commissioner ludhiana_ida),327137.0,9,5,2026-06-15,2026-06-15
construction of community centers and community halls|koppal(deputy commissioner koppal_ida),423900.0,3,2,2026-05-05,2026-08-05
"construction of roads, link roads, pathways or any other road with or without drainage system|bathinda(deputy commissioner bhatinda_ida)",2025234.0,44,15,2026-04-15,2026-08-21
street lights|katihar(district planning officer katihar_ida),11726400.0,14,1,2026-06-13,2026-07-04
purchase of training equipment|bageshwar(district magistrate bageshwar_ida),417100.0,3,2,2026-08-19,2026-08-20
construction of footpaths and pedestrian ways|almora(district magistrate almora_ida),277486.0,16,16,2026-05-22,2026-08-27
construction of community centers and community halls|saran(district planning office saran chapra_ida),2935236.0,3,2,2026-05-13,2026-08-17
construction of community centers and community halls|hisar(deputy commissioner hissar_ida),1863043.0,3,3,2026-05-18,2026-07-20
construction of footpaths and pedestrian ways|leparada(deputy commisioner leparada_ida),1100000.0,4,1,2026-04-17,2026-05-11
construction of toilet blocks|nainital(district magistrate nainital_ida),159244.0,11,11,2026-05-29,2026-08-25
crematoriums/energy efficient crematoriums or structures on burial/cremation ground|bathinda(deputy commissioner bhatinda_ida),1531825.0,13,9,2026-05-05,2026-08-19
construction of footpaths and pedestrian ways|tiruppur(district collector tiruppur_ida),600000.0,1,1,2026-06-24,2026-06-24
purchase of mobile water tankers|jind(deputy commissioner jind),867100.0,5,1,2026-08-24,2026-08-26
construction of buildings for sports facilities|malerkotla(deputy commissioner malerkotla_ida),499565.0,2,1,2026-05-29,2026-08-19
construction of buildings for community cultural activities|chitradurga(deputy commissioner chitradurga_ida),895500.0,3,3,2026-04-21,2026-06-24
construction of rainwater harvesting structures|sambalpur(district collector sambalpur_ida),494847.0,2,2,2026-08-01,2026-08-01
construction of buildings for community cultural activities|seoni(district collector seoni_ida),1457000.0,8,7,2026-05-20,2026-08-20
construction of common work sheds/ common covered sitting area|pratapgarh(district collector pratapgarh_ida),209895.0,28,19,2026-08-27,2026-08-27
construction of community centers and community halls|malkangiri(district collector malkangiri_ida),2850000.0,8,7,2026-05-14,2026-08-07
construction of community centers and community halls|vijayanagara(deputy commissioner vijayanagara_ida),1875000.0,1,1,2026-07-22,2026-07-22
installing community drinking water plants|bengaluru urban(deputy commissioner bangalore urban_ida),3146395.0,5,2,2026-07-14,2026-08-14
construction of common work sheds/ common covered sitting area|moga(deputy commissioner moga),299998.0,2,2,2026-07-17,2026-07-17
construction of community centers and community halls|begusarai(district planning officer begusarai_ida),610488.0,1,1,2026-08-22,2026-08-22
"construction of government office buildings (post office, police station, police chauki, etc.)|dindigul(district collector dindigul_ida)",5987122.0,2,2,2026-05-19,2026-06-22
development of playground|ganganagar(zilla ganganagar),217465.0,17,17,2026-08-17,2026-08-26
"construction of roads, link roads, pathways or any other road with or without drainage system|botad(district collector botad_ida)",299311.0,1,1,2026-05-06,2026-05-06
construction of boundary walls of existing public and community buildings|kachchh(district collector kutch_ida),300000.0,1,1,2026-08-12,2026-08-12
"construction of flood control embankments/ protection walls along riverbanks, hilltops, roadsides|poonch(deputy commissioner poonch_ida)",476000.0,1,1,2026-05-22,2026-05-22
construction of rooms and halls in school and colleges|visakhapatnam(district collector visakhapatnam_ida),3925324.0,6,4,2026-07-08,2026-08-15
construction of common work sheds/ common covered sitting area|kamrup metro(deputy commissioner kamrup metropolitan_ida),360000.0,1,1,2026-06-25,2026-06-25
construction of community centers and community halls|sangrur(deputy commissioner sangrur_ida),136800.0,2,1,2026-08-13,2026-08-13
lighting of public spaces|bharatpur(district collector bharatpur_ida),448344.0,1,1,2026-05-19,2026-05-19
"construction of roads, link roads, pathways or any other road with or without drainage system|medchal malkajgiri(district collector medchal malkajgiri_ida)",557531.0,1,1,2026-07-06,2026-07-06
"construction of roads, link roads, pathways or any other road with or without drainage system|morbi(district collector morbi_ida)",2821136.0,9,9,2026-04-06,2026-08-20
construction of community centers and community halls|cuddalore(district collector cuddalore_ida),4087769.0,2,2,2026-06-20,2026-08-10
lighting of public spaces|giridih(deputy commissioner giridh_ida),4790763.0,29,1,2026-03-17,2026-07-02
lighting of public spaces|azamgarh(district magistrate azamgarh_ida),16176362.0,62,2,2026-08-19,2026-08-21
construction of rooms and halls in school and colleges|kendrapada(district collector kendrapara_ida),1620837.0,3,3,2026-07-05,2026-08-04
"purchase of smart boards, visual display units and projectors|jaisalmer(district collector jaislamer_ida)",298000.0,1,1,2026-05-30,2026-05-30
construction of community centers and community halls|baleshwar(district collector baleshwar_ida),223000.0,1,1,2026-07-29,2026-07-29
construction of common work sheds/ common covered sitting area|raigarh(district collector raigarh_ida),175000.0,1,1,2026-07-31,2026-07-31
installation of fixed garden gym equipment|south(commissioner south),240969.0,1,1,2026-06-19,2026-06-19
construction of rooms and halls in school and colleges|navsari(district collector navsari_ida),150000.0,1,1,2026-08-11,2026-08-11
"construction of roads, link roads, pathways or any other road with or without drainage system|alluri sitharama raju(district collector alluri sitharamaraju_ida)",1956049.0,4,2,2026-07-13,2026-08-18
"construction of roads, link roads, pathways or any other road with or without drainage system|junagadh(district collector junagadh_ida)",2342178.0,7,7,2026-05-20,2026-08-01
construction of rooms and halls in school and colleges|kullu(deputy commissioner kullu_ida),615000.0,1,1,2026-07-10,2026-07-10
lighting of public spaces|hooghly(district magistrate hooghly_ida),800000.0,1,1,2026-06-22,2026-06-22
"construction of roads, link roads, pathways or any other road with or without drainage system|ujjain(district collector ujjain_ida)",300000.0,1,1,2026-05-16,2026-05-16
crematoriums/energy efficient crematoriums or structures on burial/cremation ground|chennai(commissioner muncipal corporation chennai_ida),1737977.0,1,1,2026-06-23,2026-06-23
construction of common work sheds/ common covered sitting area|junagadh(district collector junagadh_ida),398683.0,1,1,2026-05-19,2026-05-19
construction of culverts and bridges|gariyaband(collectro gariaband_ida),960000.0,3,3,2026-08-24,2026-08-24
"construction of roads, link roads, pathways or any other road with or without drainage system|purba bardhaman(district magistrate purba bardhaman_ida)",586967.0,1,1,2026-07-05,2026-07-05
construction of public toilets and bathrooms|golaghat(deputy commissioner golaghat_ida),333107.0,2,2,2026-07-04,2026-08-28
construction of common work sheds/ common covered sitting area|sikar(district collector sikar_ida),329527.0,6,6,2026-05-05,2026-08-14
"construction of government office buildings (post office, police station, police chauki, etc.)|tenkasi(district collector tenkasi_ida)",1345573.0,1,1,2026-05-21,2026-05-21
construction of community centers and community halls|janjgir-champa(district collector janjgir champa_ida),835714.0,2,2,2026-08-14,2026-08-27
construction of rooms and halls in school and colleges|madhepura(district planning officer madhepura_ida),887829.0,1,1,2026-05-04,2026-05-04
construction of boundary walls of existing public and community buildings|bilaspur(district collector bilaspur_ida),3170432.0,1,1,2026-07-13,2026-07-13
"purchase of prosthetics, wheel chairs, tricycles (manual or motorized), elect scooties, hearing aids|hyderabad(district collector hyderabad_ida)",221887.0,2,1,2026-06-23,2026-06-23
"providing sports equipment, except consumable items|bhojpur(district planning officer bhojpur arrah_ida)",168150.0,1,1,2026-08-17,2026-08-17
construction of community centers and community halls|thane(district collector thane_ida),2945476.0,4,3,2026-05-05,2026-08-26
purchase of vans and buses for educational institutions|malappuram(district collector malappuram_ida),1878518.0,2,2,2026-07-06,2026-08-24
purchase of non-conventional energy system and devices for community use|jorhat(deputy commissioner jorhat_ida),496720.0,1,1,2026-07-24,2026-07-24
construction of boundary walls of existing public and community buildings|kalahandi(district collector kalahandi_ida),500000.0,1,1,2026-08-19,2026-08-19
"construction of roads, link roads, pathways or any other road with or without drainage system|pune(district collector pune_ida)",6429622.0,9,8,2026-05-22,2026-08-28
crematoriums/energy efficient crematoriums or structures on burial/cremation ground|rajkot(district collector rajkot_ida),490396.0,1,1,2026-08-05,2026-08-05
lighting of public spaces|sant kabir nagar(district magistrate sant kabir nagar_2),18055890.0,25,1,2026-08-06,2026-08-06
construction of community centers and community halls|nalgonda(district collector nalgonda),400000.0,1,1,2026-08-18,2026-08-18
"purchase of prosthetics, wheel chairs, tricycles (manual or motorized), elect scooties, hearing aids|tiruchirappalli(district collector tiruchirappalli_ida)",610800.0,1,1,2026-06-18,2026-06-18
purchase of books and periodicals for libraries/digitization of library books|lohardaga(deputy commissioner lohardaga_ida),8000000.0,40,1,2026-04-22,2026-04-22
construction of community centers and community halls|beawar(district collector beawar_ida),398132.0,1,1,2026-04-09,2026-04-09
"construction of roads, link roads, pathways or any other road with or without drainage system|kannur(district collector kannur_ida)",2459073.0,4,4,2026-05-05,2026-07-20
construction of buildings for community cultural activities|bidar(deputy commissioner bidar_ida),1875000.0,1,1,2026-08-06,2026-08-06
construction of community centers and community halls|mumbai suburban(district collector mumbai suburban_ida),5495824.0,3,3,2026-08-03,2026-08-06
fitting of sitting rcc benches in public places|sirsa(deputy commissioner sirsa_ida),75520.0,1,1,2026-08-25,2026-08-25
construction of rooms and halls in school and colleges|puri(district collector puri_ida),500000.0,1,1,2026-05-07,2026-05-07
"construction of roads, link roads, pathways or any other road with or without drainage system|kannauj(district magistrate kannauj_ida)",2976343.0,4,3,2026-06-24,2026-08-27
setting up of community effluent treatment plants|palnadu(district collector palnadu_ida),186429.0,1,1,2026-04-08,2026-04-08
"construction of roads, link roads, pathways or any other road with or without drainage system|sabar kantha(district collector sabarkantha_ida)",2000000.0,6,5,2026-05-02,2026-08-25
tree plantation for community|mumbai suburban(district collector mumbai suburban_ida),1498862.0,1,1,2026-07-01,2026-07-01
construction of common work sheds/ common covered sitting area|mahabubnagar(district collector mahabubnagar_3),699583.0,1,1,2026-07-18,2026-07-18
improvement of electricity distribution infrastructure|haridwar(district magistrate haridwar_ida),1131266.0,2,2,2026-06-18,2026-06-29
development of playground|jalore(district collector jalore_ida),296584.0,2,1,2026-05-04,2026-07-09
construction of boundary walls of existing public and community buildings|rajanna sircilla(district collector rajanna sircilla_ida),499791.0,1,1,2026-07-23,2026-07-23
fitting of sitting rcc benches in public places|south west(commissioner mcd south west),959236.0,1,1,2026-07-09,2026-07-09
"construction of roads, link roads, pathways or any other road with or without drainage system|solapur(district collector solapur_ida)",5472764.0,6,5,2026-05-27,2026-08-14
crematoriums/energy efficient crematoriums or structures on burial/cremation ground|sri potti sriramulu nellore(district collector nellore_ida),2458293.0,1,1,2026-06-24,2026-06-24
construction of community centers and community halls|kamrup(deputy commissioner kamrup_ida),239999.0,3,2,2026-08-04,2026-08-28
purchase of non-conventional energy system and devices for community use|bulandshahr(district magistrate bulandshahr_ida),150000.0,1,1,2026-04-10,2026-04-10
construction of boundary walls of existing public and community buildings|murshidabad(district magistrate murshidabad_ida),488983.0,1,1,2026-05-18,2026-05-18
construction of community centers and community halls|hassan(deputy commissioner hassan_ida),2175943.0,6,5,2026-05-04,2026-08-29
construction of community centers and community halls|sonipat(deputy commissioner sonepat_ida),3809418.0,9,6,2026-05-07,2026-08-26
construction of rooms and halls in school and colleges|thiruvallur(district collector tiruvallur_ida),3953047.0,2,2,2026-07-22,2026-07-24
"construction of roads, link roads, pathways or any other road with or without drainage system|surguja(collector surguja_ida)",250000.0,1,1,2026-04-17,2026-04-17
"purchase of furniture and fixtures for educational purposes|pithoragarh(nrlm , pithoragarh)",199980.0,1,1,2026-08-07,2026-08-07
providing drains and gutters for public drainage|mahendragarh(deputy commissioner mahendragarh_ida),428013.0,1,1,2026-08-25,2026-08-25
purchase of furniture and fixtures for educational purposes|bengaluru urban(deputy commissioner bangalore urban_ida),2749675.0,5,3,2026-05-14,2026-06-30
construction of common work sheds/ common covered sitting area|kachchh(district collector kutch_ida),2923151.0,8,8,2026-04-10,2026-08-04
construction of boundary walls of existing public and community buildings|sidhi(district collector sidhi_ida),249940.0,5,1,2026-07-27,2026-07-27
construction of public libraries and reading rooms|khordha(district collector khordha_ida),9156402.0,18,11,2026-04-04,2026-08-29
construction of culverts and bridges|rajouri(deputy commissioner rajouri_ida),582000.0,1,1,2026-05-07,2026-05-07
installing tube-wells and borewells|tiruppur(district collector tiruppur_ida),1750000.0,3,1,2026-06-24,2026-08-11
construction of public toilets and bathrooms|kathua(district development commissioner kathua_ida),190000.0,1,1,2026-08-14,2026-08-14
"construction of roads, link roads, pathways or any other road with or without drainage system|narsimhapur(district collector narsinghpur_ida)",300000.0,3,3,2026-06-16,2026-07-27
construction of community centers and community halls|siddipet(district collector siddipet_ida),287731.0,1,1,2026-06-23,2026-06-23
installing community drinking water plants|y.s.r. kadapa(district collector cuddapah_ida),275219.0,1,1,2026-05-16,2026-05-16
"construction of roads, link roads, pathways or any other road with or without drainage system|saraikela kharsawan(deputy commissioner saraikela_ida)",2823000.0,7,1,2026-08-08,2026-08-08
street lights|srikakulam(district collector srikakulam_ida),525034.0,2,1,2026-05-20,2026-05-20
installation of fixed garden gym equipment|dausa(district collector dausa_ida),646068.0,1,1,2026-04-13,2026-04-13
construction of boundary walls of existing public and community buildings|sonipat(deputy commissioner sonepat_ida),1124568.0,2,2,2026-06-26,2026-07-02
"construction of roads, link roads, pathways or any other road with or without drainage system|chumoukedima(deputy commissioner chumoukedima_ida)",1000000.0,1,1,2026-08-01,2026-08-01
construction of boundary walls of existing public and community buildings|doda(deputy commissioner doda_ida),653000.0,3,2,2026-06-17,2026-08-13
providing drains and gutters for public drainage|kakinada(district collector kakinada_ida),2543306.0,2,2,2026-05-13,2026-05-14
purchase of non-conventional energy system and devices for community use|mayurbhanj(district collector mayurbhanj_ida),2998500.0,1,1,2026-07-10,2026-07-10
construction of buildings for community cultural activities|chhatarpur(district collector chhatarpur_ida),240000.0,1,1,2026-08-11,2026-08-11
construction of boundary walls of existing public and community buildings|neemuch(district collector neemuch_ida),60000.0,1,1,2026-06-22,2026-06-22
"providing sports equipment, except consumable items|nagaur(district collector nagaur_ida)",739605.0,1,1,2026-04-07,2026-04-07
construction of rooms and halls in school and colleges|kabeerdham(district collector kabirdham),250000.0,1,1,2026-06-15,2026-06-15
street lights|jaunpur(district magistrate jaunpur_ida),5268847.0,120,2,2026-07-21,2026-08-18
fitting of sitting rcc benches in public places|mahesana(district collector mahesana_ida),56000.0,1,1,2026-08-24,2026-08-24
"providing sports equipment, except consumable items|south(commissioner south)",251547.0,1,1,2026-06-19,2026-06-19
construction of culverts and bridges|shivpuri(district collector shivpuri_ida),2250000.0,9,9,2026-07-23,2026-08-10
construction of community centers and community halls|ahilyanagar(district collector ahmednagar_ida),10737800.0,13,10,2026-06-17,2026-08-04
construction of public irrigation facilities|betul(district collector betul_ida),496881.0,5,1,2026-07-27,2026-07-27
"purchase of ambulances (four, three and two wheelers)|sambalpur(district collector sambalpur_ida)",5753000.0,2,1,2026-04-09,2026-04-09
providing drains and gutters for public drainage|banas kantha(district collector banas kantha_ida),300000.0,1,1,2026-04-04,2026-04-04
construction of rooms and halls in school and colleges|churu(district collector churu_ida),2084190.0,36,33,2026-04-06,2026-08-25
"construction of boundary walls of existing public and community buildings|champhai(deputy commisioner, champhai)",1125000.0,1,1,2026-07-28,2026-07-28
"construction of roads, link roads, pathways or any other road with or without drainage system|bhadrak(district collector bhadrak_ida)",600000.0,2,2,2026-06-22,2026-06-27
installation of multi-gym equipment|raisen(district collector raisen_ida),100000.0,1,1,2026-07-24,2026-07-24
"construction of roads, link roads, pathways or any other road with or without drainage system|tiruvannamalai(district collector tiruvannamalai_ida)",1292185.0,2,2,2026-08-03,2026-08-10
purchase of ambulance to transport sick and injured animals|mahendragarh(deputy commissioner mahendragarh_ida),923300.0,1,1,2026-05-04,2026-05-04
construction of common work sheds/ common covered sitting area|narmadapuram(district collector narmadapuram_ida),934782.0,14,12,2025-12-26,2026-08-27
construction of community centers and community halls|thoothukkudi(district collector thoothukudi_ida),1578297.0,1,1,2026-06-16,2026-06-16
"construction of government office buildings (post office, police station, police chauki, etc.)|thiruvarur(district collector thiruvarur_ida)",315606.0,1,1,2026-04-06,2026-04-06
"construction of flood control embankments/ protection walls along riverbanks, hilltops, roadsides|kangra(deputy commissioner kangra_ida)",742976.0,6,5,2026-04-08,2026-07-23
"construction of roads, link roads, pathways or any other road with or without drainage system|bengaluru south(deputy commissioner ramanagara_ida)",187500.0,1,1,2026-08-24,2026-08-24
"construction of roads, link roads, pathways or any other road with or without drainage system|coimbatore(district collector coimbatore_ida)",1482790.0,1,1,2026-07-27,2026-07-27
installing community drinking water plants|chittoor(district collector chittoor_ida),283452.0,1,1,2026-05-05,2026-05-05
improvement of electricity distribution infrastructure|bundi(district collector bundi_ida),2007255.0,2,2,2026-04-07,2026-04-07
purchase of books for public libraries/ digitization of library books|muzaffarnagar(district magistrate muzaffarnagar_ida),851987.0,1,1,2026-08-07,2026-08-07
construction of community centers and community halls|sivasagar(deputy commissioner sivsagar_ida),109200.0,2,2,2026-07-09,2026-08-28
construction of rooms and halls in school and colleges|sivasagar(deputy commissioner sivsagar_ida),500000.0,1,1,2026-04-08,2026-04-08
construction of water tanks|thane(district collector thane_ida),499752.0,1,1,2026-04-07,2026-04-07
construction of buildings for community cultural activities|mandsaur(district collector mandsaur_ida),500000.0,1,1,2026-08-25,2026-08-25
"construction of roads, link roads, pathways or any other road with or without drainage system|dahod(district collector dohad_ida)",5691712.0,23,18,2026-05-06,2026-08-29
providing supply pipelines for drinking water|srinagar(deputy commissioner srinagar_ida),315600.0,2,2,2026-04-08,2026-06-29
providing drains and gutters for public drainage|hoshiarpur(deputy commissioner hoshiarpur_ida),1395550.0,6,5,2026-04-27,2026-08-26
construction of community centers and community halls|beed(district collector beed_ida),7671242.0,8,6,2026-04-04,2026-08-22
purchase of hospital equipment|bathinda(deputy commissioner bhatinda_ida),837830.0,1,1,2026-07-01,2026-07-01
construction of community centers and community halls|banswara(district collector banswara_ida),2337981.0,4,1,2026-05-20,2026-07-16
construction of rooms and halls in school and colleges|amritsar(deputy commissioner amritsar_ida),1262440.0,4,2,2026-04-15,2026-08-25
lighting of public spaces|ramanathapuram(district collector ramanathapuram_ida),430000.0,1,1,2026-08-28,2026-08-28
construction of rooms and halls in school and colleges|chitrakoot(district magistrate chitrakoot_ida),499531.0,1,1,2026-08-11,2026-08-11
installation of fixed garden gym equipment|amritsar(deputy commissioner amritsar_ida),200000.0,1,1,2026-06-30,2026-06-30
"purchase of prosthetics, wheel chairs, tricycles (manual or motorized), elect scooties, hearing aids|medak(collector medak district)",257016.0,2,2,2026-07-24,2026-07-24
construction of water tanks|sikar(district collector sikar_ida),10115.0,3,3,2026-08-15,2026-08-15
providing supply pipelines for drinking water|chittoor(district collector chittoor_ida),1465273.0,11,5,2026-08-06,2026-08-15
construction of additional rooms and halls in the existing public and community building|jaipur(district collector jaipur_ida),953900.0,2,2,2026-04-09,2026-08-23
"construction of roads, link roads, pathways or any other road with or without drainage system|peddapalli(district collector peddapally_ida)",999768.0,2,2,2026-06-24,2026-08-05
providing cctv camera system for security of public areas|tiruvannamalai(district collector tiruvannamalai_ida),150000.0,1,1,2026-07-06,2026-07-06
construction of community centers and community halls|gurdaspur(deputy commissioner gurdaspur_ida),106398.0,2,2,2026-05-20,2026-07-17
construction of boundary walls of existing public and community buildings|deoria(district magistrate deoria),524573.0,1,1,2026-08-22,2026-08-22
construction of rooms and halls in school and colleges|jabalpur(district collector jabalpur_ida),423385.0,1,1,2026-05-20,2026-05-20
installation of multi-gym equipment|bhiwani(dc cum nodal officer mplads bhiwani),500000.0,1,1,2026-04-07,2026-04-07
construction of rooms and halls in school and colleges|bhilwara(district collector bhilwara_ida),315900.0,1,1,2026-07-10,2026-07-10
"purchase of smart boards, visual display units and projectors|karur(district collector karur_ida)",199966.0,1,1,2026-03-18,2026-03-18
construction of common work sheds/ common covered sitting area|kanniyakumari(district collector kanniyakumari_ida),149171.0,1,1,2026-05-19,2026-05-19
construction of rooms and halls in school and colleges|coimbatore(district collector coimbatore_ida),2778920.0,2,2,2026-05-29,2026-08-27
purchase of mobile water tankers|fazilka(deputy commissioner fazilka_ida),1443979.0,6,3,2026-08-26,2026-08-26
development of public parks|karauli(district collector karauli_ida),60270.0,8,8,2026-07-30,2026-07-30
"construction of roads, link roads, pathways or any other road with or without drainage system|giridih(deputy commissioner giridh_ida)",1247761.0,4,1,2026-06-15,2026-07-17
"construction of roads, link roads, pathways or any other road with or without drainage system|bhadradri kothagudem(district collector bhadradri ktdm_ida)",4238803.0,9,4,2026-04-15,2026-08-27
construction of culverts and bridges|nadia(district magistrate nadia_ida),8919072.0,3,2,2026-06-23,2026-08-21
construction of public irrigation facilities|palakkad(district collector palakkad_ida),499157.0,1,1,2026-06-30,2026-06-30
"construction of roads, link roads, pathways or any other road with or without drainage system|krishna(district collector krishna_ida)",1158273.0,1,1,2026-06-23,2026-06-23
"construction of roads, link roads, pathways or any other road with or without drainage system|jabalpur(district collector jabalpur_ida)",529944.0,1,1,2026-06-23,2026-06-23
construction of public libraries and reading rooms|kanniyakumari(district collector kanniyakumari_ida),989098.0,1,1,2026-07-06,2026-07-06
construction of common work sheds/ common covered sitting area|mandsaur(district collector mandsaur_ida),100000.0,1,1,2026-08-27,2026-08-27
"construction of roads, link roads, pathways or any other road with or without drainage system|agra(district magistrae agra_ida)",2489876.0,4,2,2026-08-26,2026-08-26
construction of common work sheds/ common covered sitting area|nizamabad(district collector nizamabad_ida),1148422.0,3,2,2026-05-13,2026-05-25
construction of boundary walls of existing public and community buildings|budgam(deputy commissioner budgam_ida),158860.0,1,1,2026-07-29,2026-07-29
development of playfields and sports grounds|central(commissioner mcd (central district)),1296399.0,3,1,2026-05-21,2026-05-21
"construction of roads, link roads, pathways or any other road with or without drainage system|udaipur(district collector udaipur_ida)",299800.0,1,1,2026-07-09,2026-07-09
construction of community centers and community halls|latehar(deputy commissioner latehar_ida),499533.0,2,2,2026-07-02,2026-07-18
construction of toilet blocks|jhansi(district magistrae jhansi_ida),1857195.0,2,1,2026-05-18,2026-05-18
construction of common work sheds/ common covered sitting area|kota(district collector kota_ida),397711.0,18,10,2026-07-07,2026-07-21
lighting of public spaces|howrah(district magistrate howrah_ida),4482161.0,30,3,2026-05-21,2026-08-18
construction of community centers and community halls|gwalior(district collector gwalior_ida),943010.0,3,2,2026-04-28,2026-07-03
development of playfields and sports grounds|visakhapatnam(district collector visakhapatnam_ida),981540.0,1,1,2026-06-16,2026-06-16
street lights|nagaur(district collector nagaur_ida),794188.0,1,1,2026-07-20,2026-07-20
"construction of roads, link roads, pathways or any other road with or without drainage system|kheda(district collector kheda_ida)",2946481.0,13,8,2026-06-30,2026-08-21
construction of toilet blocks|sindhudurg(district collector sindhudurg_ida),500000.0,1,1,2026-07-23,2026-07-23
construction of stadiums|paschim medinipur(district magistrate paschim medinipur_ida),4881631.0,1,1,2026-08-17,2026-08-17
construction of rooms and halls in school and colleges|chennai(commissioner muncipal corporation chennai_ida),1423044.0,1,1,2026-06-23,2026-06-23
"construction of roads, link roads, pathways or any other road with or without drainage system|birbhum(district magistrate birbhum_ida)",249653.0,1,1,2026-07-22,2026-07-22
"construction of roads, link roads, pathways or any other road with or without drainage system|udhampur(deputy commissioner udhampur_ida)",354000.0,2,2,2026-04-30,2026-05-25
lighting of public spaces|dausa(district collector dausa_ida),5929097.0,13,5,2026-04-29,2026-08-19
construction of boundary walls of existing public and community buildings|west karbi anglong(district commissioner west karbi anglong),418400.0,1,1,2026-07-04,2026-07-04
security gates in streets/public place for safety purpose|palghar(district collector palghar_ida),997448.0,1,1,2026-07-02,2026-07-02
construction of community centers and community halls|kendujhar(district collector keonjhar_ida),332248.0,6,3,2026-05-27,2026-08-21
street lights|varanasi(district magistrae varanasi_ida),1803481.0,1,1,2026-05-27,2026-05-27
setting up of kitchen and pantries|howrah(district magistrate howrah_ida),328709.0,1,1,2026-08-19,2026-08-19
construction of footpaths and pedestrian ways|kheda(district collector kheda_ida),692033.0,4,3,2026-08-21,2026-08-24
"construction of roads, link roads, pathways or any other road with or without drainage system|parbhani(district collector parbhani_ida)",1695379.0,3,3,2026-05-04,2026-08-11
"construction of roads, link roads, pathways or any other road with or without drainage system|jamnagar(district collector jamnagar_ida)",897972.0,2,2,2026-06-20,2026-08-12
installing community drinking water plants|auraiya(district magistrate auraiya_ida),1037220.0,3,1,2026-07-17,2026-07-17
setting up of laboratories|bhiwani(dc cum nodal officer mplads bhiwani),500000.0,3,3,2026-08-08,2026-08-08
